State,statename,Pollutant,1990,1991,1992,1993,1994,1995,1996,1997,1998,1999,2000,2001,2002,2003,2004,2005,2006,2007,2008,2009,2010,2011,2012,2013,2014,2015,2016,2017,2018,2019,2020,2021,2022
AL,Alabama,CO,6.4,6.1,7.4,7.1,6.9,6.4,4.9,5.9,4.4,4.4,3.7,6.3,3.7,3.1,3.9,2.5,3.1,2.0,2.2,2.9,2.2,2.1,1.7,1.7,2.4,1.9,1.4,1.0,1.2,1.2,1.1,1.0,0.8
AL,Alabama,O3,0.081375,0.06775,0.077125,0.07925,0.073125,0.08675,0.0820625,0.0769375,0.0918125,0.0846875,0.0849375,0.076875,0.078375,0.0725625,0.0705625,0.0746875,0.0781875,0.08025,0.071375,0.0624375,0.0705,0.0728125,0.0733125,0.0630625,0.06293750000000001,0.0645625,0.06531250000000001,0.0600625,0.0633125,0.0651875,0.0560625,0.0588125,0.0618125
AL,Alabama,PM10,60.333333333333336,68.73333333333333,51.111111111111114,59.22222222222222,48.333333333333336,50.06666666666667,41.82222222222222,50.44444444444444,42.044444444444444,48.82222222222222,91.15555555555555,58.599999999999994,41.71111111111111,48.44444444444444,46.37777777777777,46.17777777777778,39.77777777777778,50.0,39.22222222222222,32.15555555555555,52.111111111111114,47.28888888888889,36.06666666666667,30.666666666666668,31.400000000000002,59.266666666666666,35.888888888888886,26.822222222222223,29.377777777777776,28.155555555555555,28.37777777777778,27.77777777777778,29.17777777777778
AL,Alabama,PM2.5,,,,,,,,,,,30.35666666666667,25.279999999999998,24.146666666666665,23.596666666666668,24.853333333333335,27.283333333333335,24.389999999999997,27.4,20.813333333333333,16.776666666666667,18.413333333333334,18.459999999999997,15.229999999999999,14.293333333333333,15.393333333333334,14.166666666666666,11.886666666666667,13.683333333333334,12.856666666666666,12.426666666666668,13.343333333333334,15.08,13.466666666666667
AL,Alabama,SO2,75.0,81.0,89.0,113.0,85.0,65.0,54.0,60.0,82.0,92.0,149.0,63.0,50.0,53.0,56.0,70.0,70.0,50.0,69.0,41.0,33.0,31.0,36.0,22.0,17.0,17.0,11.0,12.0,11.0,10.0,5.0,7.0,6.0
AK,Alaska,CO,9.7,8.4,10.8,9.7,8.6,7.4,8.7,7.1,8.4,7.8,5.4,5.7,4.7,5.7,6.4,4.8,4.3,3.6,3.8,4.4,3.8,3.6,4.3,3.1,2.5,2.8,3.0,3.5,2.7,2.4,3.0,2.2,2.4
AK,Alaska,PM2.5,,,,,,,,,,,13.700000000000001,15.666666666666666,14.633333333333333,14.766666666666666,17.733333333333334,16.75,20.216666666666665,15.166666666666666,16.150000000000002,18.0,18.566666666666666,15.283333333333333,17.466666666666665,14.016666666666666,17.95,16.099999999999998,14.700000000000001,15.800000000000002,12.483333333333334,19.433333333333334,13.066666666666668,12.016666666666666,13.950000000000001
AZ,Arizona,CO,6.566666666666666,6.366666666666667,7.0,6.266666666666667,6.766666666666667,6.900000000000001,6.033333333333334,5.6000000000000005,5.133333333333334,5.133333333333333,5.033333333333334,3.966666666666667,3.766666666666667,3.4,2.9333333333333336,3.1,2.8000000000000003,2.6333333333333333,1.9000000000000001,1.8333333333333333,1.8999999999999997,1.9333333333333336,1.6666666666666667,1.7,1.7333333333333334,1.5999999999999999,1.5666666666666667,1.8,1.5999999999999999,1.3333333333333333,1.5333333333333332,1.5,1.3666666666666665
AZ,Arizona,NO2,33.75,30.5,26.5,29.5,33.0,35.0,34.0,33.25,32.0,34.75,33.75,30.0,32.5,30.75,28.75,27.5,27.25,26.0,25.0,22.5,23.5,23.75,24.0,22.5,22.25,20.25,18.5,19.75,20.25,18.5,17.75,19.0,18.0
AZ,Arizona,O3,0.0744,0.073,0.0742,0.0742,0.0752,0.0776,0.0782,0.07339999999999999,0.0748,0.076,0.076,0.072,0.0784,0.0764,0.0718,0.076,0.0748,0.0708,0.07239999999999999,0.0668,0.0716,0.075,0.0748,0.07239999999999999,0.0696,0.0688,0.0666,0.06999999999999999,0.06999999999999999,0.0668,0.07139999999999999,0.0712,0.0688
AZ,Arizona,PM10,71.8,59.4,55.86666666666667,54.73333333333333,51.26666666666667,61.93333333333334,55.333333333333336,77.8,58.0,65.73333333333333,88.0,70.46666666666667,63.46666666666667,99.8,40.266666666666666,61.0,75.2,68.8,62.333333333333336,71.60000000000001,43.666666666666664,128.66666666666666,88.26666666666667,116.53333333333335,110.86666666666667,49.13333333333333,87.66666666666667,90.39999999999999,152.6,50.666666666666664,77.0,117.2,71.86666666666666
AZ,Arizona,PM2.5,,,,,,,,,,,16.8625,15.15,16.6625,16.5875,13.9125,16.1125,18.45,15.2375,15.675,14.9,13.6125,16.875,13.5625,13.9,14.5375,13.6375,13.45,15.2625,13.5875,11.3125,15.35,13.95,13.9625
AR,Arkansas,O3,0.073625,0.071375,0.07075,0.06975,0.07025,0.080125,0.074125,0.0725,0.073625,0.079125,0.082625,0.07250000000000001,0.079,0.070625,0.06712499999999999,0.0765,0.07725,0.07175000000000001,0.06525,0.065375,0.06712499999999999,0.07625,0.076625,0.066875,0.06525,0.062875,0.0635,0.060125,0.065875,0.0595,0.060875,0.0655,0.063625
AR,Arkansas,PM2.5,,,,,,,,,,,24.75,23.349999999999998,22.599999999999998,19.45,20.099999999999998,26.850000000000005,19.099999999999998,21.400000000000002,18.8,16.900000000000002,17.150000000000002,18.5,17.150000000000002,15.699999999999998,16.099999999999998,14.85,14.199999999999998,13.6,15.15,14.25,13.1,15.15,14.449999999999998
CA,California,CO,6.488235294117647,6.223529411764706,5.1000000000000005,4.9941176470588236,5.094117647058824,4.258823529411765,3.9411764705882355,3.9705882352941178,3.988235294117647,3.8176470588235296,3.552941176470588,3.3529411764705883,2.711764705882353,2.635294117647059,2.176470588235294,2.2058823529411766,2.158823529411765,1.9705882352941178,1.6588235294117646,1.6588235294117646,1.3647058823529412,1.5529411764705883,1.3882352941176472,1.5058823529411764,1.411764705882353,1.3411764705882354,1.447058823529412,1.3529411764705883,1.8470588235294116,1.0176470588235293,1.6470588235294117,1.0647058823529412,1.0176470588235293
CA,California,NO2,51.369565217391305,52.41304347826087,46.43478260869565,46.52173913043478,46.19565217391305,46.26086956521739,41.67391304347826,39.41304347826087,37.78260869565217,42.97826086956522,38.47826086956522,37.54347826086956,36.69565217391305,36.58695652173913,32.52173913043478,31.52173913043478,31.91304347826087,30.58695652173913,30.58695652173913,27.456521739130434,26.26086956521739,26.58695652173913,26.195652173913043,26.782608695652176,25.73913043478261,23.456521739130434,22.652173913043477,24.108695652173914,24.23913043478261,22.47826086956522,21.804347826086957,20.391304347826086,20.67391304347826
CA,California,O3,0.08624242424242425,0.08763636363636364,0.08721212121212121,0.08554545454545455,0.08518181818181818,0.0890909090909091,0.088,0.07590909090909091,0.08736363636363637,0.08303030303030302,0.0783939393939394,0.08054545454545455,0.08312121212121212,0.08196969696969697,0.0760909090909091,0.07454545454545454,0.07957575757575758,0.07327272727272727,0.07978787878787878,0.07490909090909091,0.07254545454545455,0.0716060606060606,0.07212121212121211,0.06830303030303031,0.07242424242424243,0.07181818181818182,0.07084848484848486,0.07230303030303031,0.06878787878787879,0.06675757575757575,0.07224242424242423,0.07051515151515152,0.06618181818181819
CA,California,PM10,118.7,113.18666666666667,83.95333333333333,80.66666666666667,76.88666666666667,87.82666666666667,65.63333333333334,67.41333333333334,66.78666666666666,93.8,72.76666666666667,81.48666666666666,65.11333333333333,64.6,54.92666666666666,61.72666666666667,68.32666666666667,67.26,66.14,50.919999999999995,45.57333333333334,49.43333333333333,47.10666666666667,55.34,53.93333333333333,57.36666666666667,50.34666666666667,69.06666666666666,122.06,56.92666666666666,97.38666666666667,70.32666666666667,64.46
CA,California,PM2.5,,,,,,,,,,,30.703030303030303,33.98030303030303,31.807575757575762,23.275757575757577,24.19242424242424,24.87272727272727,24.74848484848485,25.45151515151515,25.69393939393939,21.543939393939397,17.671212121212122,21.48939393939394,18.23030303030303,22.295454545454547,20.290909090909093,19.374242424242425,16.46969696969697,23.333333333333332,33.39545454545454,16.015151515151516,35.17575757575757,23.274242424242424,18.71212121212121
CA,California,SO2,27.166666666666668,23.0,19.166666666666668,23.0,21.833333333333332,25.5,18.666666666666668,22.333333333333332,21.166666666666668,23.5,17.333333333333332,18.833333333333332,17.833333333333332,13.333333333333334,18.5,14.5,19.166666666666668,15.833333333333334,15.666666666666666,11.333333333333334,9.666666666666666,9.0,8.0,8.0,10.666666666666666,7.0,7.833333333333333,7.666666666666667,8.666666666666666,8.833333333333334,7.166666666666667,7.833333333333333,6.166666666666667
CO,Colorado,CO,9.090909090909092,8.345454545454546,10.445454545454545,7.6,7.181818181818182,7.109090909090909,5.554545454545454,4.927272727272728,4.1,4.372727272727272,4.163636363636364,3.6363636363636362,3.1727272727272724,3.6818181818181817,3.463636363636364,2.4,2.790909090909091,2.4909090909090907,2.8181818181818183,2.0727272727272728,2.0636363636363635,1.6636363636363638,1.7,2.2181818181818183,1.8545454545454545,1.8545454545454545,1.5727272727272728,1.3818181818181818,2.0545454545454547,1.481818181818182,1.4636363636363638,1.3636363636363635,1.3727272727272728
CO,Colorado,NO2,29.363636363636363,29.454545454545453,29.545454545454547,25.0,29.545454545454547,26.818181818181817,25.0,26.818181818181817,26.818181818181817,25.90909090909091,24.09090909090909,28.636363636363637,25.90909090909091,25.90909090909091,22.272727272727273,22.272727272727273,22.272727272727273,22.363636363636363,20.545454545454547,19.818181818181817,20.545454545454547,19.545454545454547,20.363636363636363,19.454545454545453,19.454545454545453,18.545454545454547,17.636363636363637,15.909090909090908,15.818181818181818,16.727272727272727,14.0,14.0,14.818181818181818
CO,Colorado,O3,0.076,0.07508333333333334,0.07024999999999999,0.06925,0.07191666666666667,0.07033333333333334,0.07158333333333333,0.068,0.08091666666666668,0.07058333333333333,0.06941666666666667,0.06858333333333334,0.07241666666666667,0.07858333333333334,0.06733333333333334,0.07275,0.07733333333333332,0.07483333333333332,0.07366666666666666,0.06941666666666667,0.07041666666666667,0.07666666666666666,0.07891666666666668,0.07808333333333334,0.07008333333333334,0.07275,0.07058333333333333,0.07158333333333333,0.07133333333333332,0.0675,0.07766666666666668,0.07941666666666668,0.07416666666666667
CO,Colorado,PM10,84.84615384615384,90.23076923076923,84.53846153846153,97.92307692307692,82.76923076923077,62.38461538461539,68.3076923076923,63.46153846153846,47.84615384615385,59.07692307692308,58.46153846153846,65.76923076923077,64.38461538461539,57.38461538461539,74.61538461538461,63.15384615384615,53.30769230769231,66.76923076923077,65.46153846153847,49.0,56.53846153846154,68.92307692307692,66.07692307692308,71.76923076923077,69.38461538461539,59.84615384615385,71.6923076923077,65.38461538461539,64.84615384615384,67.76923076923077,90.23076923076923,67.61538461538461,63.0
CO,Colorado,PM2.5,,,,,,,,,,,16.68846153846154,20.18846153846154,16.31923076923077,16.51153846153846,14.984615384615385,16.284615384615385,14.823076923076924,17.415384615384617,12.992307692307692,12.284615384615384,12.569230769230769,11.453846153846154,15.38076923076923,13.903846153846153,13.773076923076925,15.146153846153847,11.615384615384615,13.219230769230771,13.86153846153846,15.646153846153847,18.3,17.723076923076924,10.11153846153846
CO,Colorado,SO2,84.0,85.0,117.0,105.0,92.0,98.0,86.0,86.0,74.0,79.0,65.0,73.0,73.0,58.0,40.0,39.0,33.0,30.0,30.0,33.0,35.0,32.0,34.0,34.0,16.0,15.0,14.0,13.0,7.0,6.0,6.0,6.0,5.0
CT,Connecticut,NO2,43.5,42.5,39.5,38.5,48.0,38.0,37.5,38.5,39.5,40.0,38.5,42.0,37.0,37.5,34.5,37.5,30.5,30.5,27.5,28.0,27.0,34.5,23.0,24.5,27.0,28.5,26.0,28.0,24.0,23.5,22.0,23.0,23.5
CT,Connecticut,O3,0.10779999999999998,0.1116,0.091,0.1022,0.0974,0.1034,0.0878,0.1026,0.09259999999999999,0.1008,0.0854,0.0992,0.1056,0.09140000000000001,0.07980000000000001,0.09359999999999999,0.0914,0.091,0.082,0.07139999999999999,0.07980000000000001,0.0816,0.0848,0.08220000000000001,0.075,0.0794,0.07880000000000001,0.07680000000000001,0.0766,0.078,0.0712,0.0758,0.0752
CT,Connecticut,PM2.5,,,,,,,,,,,23.39,24.25,24.06,24.580000000000002,20.79,24.09,22.61,20.759999999999998,19.25,17.82,16.64,16.73,14.180000000000001,16.22,14.89,15.16,13.969999999999999,11.98,13.73,12.27,14.66,14.3,12.95
DE,Delaware,NO2,44.5,44.5,46.5,42.0,45.0,43.5,42.5,42.0,39.5,37.5,41.0,39.5,37.0,38.5,36.5,35.0,34.0,32.5,34.5,30.5,31.0,29.0,27.5,26.0,27.5,27.5,24.5,25.0,23.0,24.0,25.0,26.5,25.0
DE,Delaware,O3,0.102,0.106,0.092,0.102,0.092,0.109,0.093,0.107,0.1,0.103,0.099,0.099,0.107,0.087,0.082,0.091,0.085,0.09,0.085,0.07,0.083,0.084,0.084,0.069,0.071,0.074,0.075,0.073,0.075,0.067,0.065,0.069,0.066
DE,Delaware,PM2.5,,,,,,,,,,,24.55,25.55,28.4,23.8,22.1,24.425,22.375,22.4,20.5,16.85,17.325,17.35,15.5,16.9,16.45,16.275,13.75,13.25,12.875,14.100000000000001,11.725,13.45,12.475
DC,District of Columbia,CO,4.5,4.3,3.8,4.9,4.1,4.6,4.0,2.4,2.3,3.8,2.7,2.7,2.6,2.5,2.2,1.6,2.3,1.5,1.1,1.3,1.7,1.4,1.4,1.0,1.1,1.7,1.6,1.2,1.2,1.3,1.0,1.4,1.2
DC,District of Columbia,NO2,57.5,52.0,53.0,52.5,49.5,48.0,47.5,47.0,49.0,49.5,45.0,44.0,43.0,46.0,43.0,40.0,35.0,35.5,31.0,31.0,32.5,29.0,28.0,28.0,29.0,30.0,27.5,26.0,25.5,27.5,22.5,24.0,25.0
DC,District of Columbia,O3,0.075,0.083,0.075,0.085,0.074,0.083,0.073,0.079,0.084,0.084,0.073,0.078,0.083,0.073,0.069,0.069,0.072,0.07,0.066,0.058,0.069,0.079,0.076,0.067,0.066,0.067,0.069,0.066,0.068,0.064,0.057,0.066,0.061
DC,District of Columbia,PM2.5,,,,,,,,,,,25.75,26.2,25.5,24.15,23.95,24.65,22.2,21.4,19.7,16.4,17.2,16.45,15.7,14.8,13.9,15.0,12.1,11.8,12.35,13.15,11.65,12.3,10.45
FL,Florida,CO,4.628571428571428,4.214285714285714,4.414285714285714,4.0285714285714285,3.2142857142857144,3.771428571428572,3.2142857142857144,3.1,2.5714285714285716,2.9714285714285715,2.742857142857143,2.857142857142857,2.8857142857142857,2.142857142857143,3.185714285714286,2.1,1.8000000000000003,1.4285714285714286,1.4714285714285715,1.6285714285714286,1.2571428571428573,0.9571428571428572,1.2714285714285716,1.0,1.4142857142857144,1.157142857142857,1.1142857142857143,1.2714285714285716,1.042857142857143,0.9142857142857143,0.9,0.9857142857142858,0.9857142857142858
FL,Florida,NO2,26.91304347826087,24.695652173913043,25.652173913043477,26.652173913043477,22.608695652173914,24.347826086956523,24.17391304347826,24.956521739130434,25.608695652173914,27.391304347826086,26.695652173913043,23.652173913043477,22.608695652173914,22.08695652173913,21.565217391304348,20.130434782608695,20.73913043478261,19.434782608695652,17.73913043478261,16.608695652173914,17.565217391304348,15.130434782608695,15.391304347826088,15.521739130434783,15.478260869565217,12.782608695652174,14.173913043478262,14.130434782608695,14.08695652173913,13.130434782608695,11.652173913043478,12.521739130434783,12.391304347826088
FL,Florida,O3,0.0774,0.06964000000000001,0.0766,0.07751999999999999,0.0748,0.07252,0.07200000000000001,0.07632,0.08736000000000001,0.07992,0.07836,0.07615999999999999,0.0694,0.07272,0.07368000000000001,0.07496,0.07672,0.07324,0.07004,0.06372,0.06732,0.0684,0.06512,0.06204,0.06316,0.06056,0.061040000000000004,0.06356,0.06328,0.06172,0.059000000000000004,0.059160000000000004,0.06136
FL,Florida,PM10,45.5,46.0,50.5,42.5,47.5,45.0,58.0,61.5,85.5,42.5,52.0,46.5,43.0,40.0,41.5,49.0,53.5,58.5,45.0,32.5,42.5,37.5,38.0,31.0,50.0,44.5,35.5,57.5,35.0,53.0,48.65,53.85,49.5
FL,Florida,PM2.5,,,,,,,,,,,19.798275862068966,17.644827586206898,16.04310344827586,14.741379310344827,17.18793103448276,17.298275862068966,15.558620689655172,18.650000000000002,13.865517241379312,12.924137931034483,12.294827586206896,12.563793103448276,12.87758620689655,11.324137931034482,11.799999999999999,10.656896551724138,10.56551724137931,11.958620689655174,10.73448275862069,11.844827586206897,12.394827586206896,11.970689655172412,11.889655172413793
FL,Florida,SO2,147.94736842105263,100.05263157894737,116.6842105263158,97.42105263157895,100.47368421052632,88.42105263157895,71.73684210526316,75.84210526315789,81.73684210526316,91.21052631578948,77.42105263157895,79.63157894736842,70.57894736842105,58.73684210526316,58.21052631578947,54.21052631578947,57.89473684210526,43.68421052631579,39.26315789473684,31.894736842105264,38.05263157894737,27.789473684210527,18.05263157894737,17.94736842105263,20.157894736842106,12.31578947368421,10.789473684210526,10.842105263157896,11.631578947368421,11.368421052631579,12.368421052631579,10.0,17.789473684210527
GA,Georgia,NO2,15.0,14.0,14.0,15.0,14.0,15.0,16.0,15.0,17.0,20.0,18.0,17.0,15.0,13.0,15.0,14.0,15.0,15.0,13.0,11.0,14.0,13.0,12.0,9.0,11.0,10.0,11.0,9.0,8.0,9.0,8.0,8.0,8.0
GA,Georgia,O3,0.0854,0.07715555555555556,0.07466666666666666,0.08637777777777778,0.07646666666666667,0.08751111111111111,0.083,0.08237777777777779,0.09448888888888889,0.09353333333333333,0.08917777777777777,0.07497777777777777,0.08253333333333333,0.0724,0.07155555555555555,0.07688888888888888,0.07977777777777778,0.07982222222222222,0.07386666666666666,0.06433333333333334,0.06788888888888889,0.07411111111111111,0.07462222222222223,0.06373333333333334,0.06746666666666666,0.06635555555555556,0.07006666666666667,0.06437777777777778,0.06526666666666667,0.06715555555555557,0.057355555555555555,0.06313333333333333,0.06202222222222222
GA,Georgia,PM2.5,,,,,,,,,,,29.056451612903224,25.498387096774195,22.626612903225805,23.889516129032256,24.912096774193547,23.945967741935487,22.906451612903226,24.622580645161293,19.646774193548385,17.736290322580647,18.362903225806452,18.20725806451613,14.95241935483871,14.408064516129032,14.728225806451615,13.380645161290323,14.173387096774194,14.35725806451613,13.033870967741937,13.335483870967742,14.51290322580645,15.93467741935484,13.713709677419354
GA,Georgia,SO2,105.0,105.0,105.0,91.0,78.0,64.0,49.0,58.0,57.0,44.0,50.0,54.0,56.0,53.0,56.0,60.0,62.0,58.0,45.0,31.0,33.0,25.0,10.0,9.0,6.0,4.0,6.0,7.0,4.0,5.0,3.0,4.0,4.0
HI,Hawaii,CO,1.7,1.6,1.9,2.0,1.9,1.5,1.3,1.4,1.5,1.2,1.4,1.5,1.6,1.1,1.0,1.1,0.9,0.8,0.9,1.1,0.8,0.9,0.9,1.1,1.2,1.3,1.2,1.0,1.6,0.6,0.5,0.6,0.6
HI,Hawaii,O3,0.034,0.041,0.046,0.049,0.049,0.049,0.041,0.047,0.048,0.046,0.044,0.042,0.043,0.038,0.046,0.042,0.04,0.033,0.041,0.048,0.046,0.046,0.043,0.047,0.054,0.048,0.047,0.046,0.046,0.053,0.044,0.045,0.044
HI,Hawaii,PM10,36.0,36.0,36.0,26.0,27.0,36.0,25.0,20.0,23.0,24.0,31.0,33.0,43.0,34.0,36.0,28.0,23.0,29.0,31.0,34.0,57.0,35.0,28.0,28.0,29.0,29.0,29.0,29.0,26.0,27.0,21.0,25.0,23.0
HI,Hawaii,PM2.5,,,,,,,,,,,7.2,7.716666666666666,6.8,8.583333333333334,6.566666666666666,6.5,7.05,7.0,10.066666666666666,9.516666666666667,9.566666666666668,9.5,10.15,9.083333333333334,7.0,8.700000000000001,7.599999999999999,7.483333333333333,7.033333333333334,8.533333333333333,5.033333333333334,4.3500000000000005,4.783333333333333
HI,Hawaii,SO2,26.0,26.0,26.0,27.0,28.0,29.0,23.0,26.0,26.0,10.0,9.0,7.0,6.0,6.0,10.0,18.0,4.0,10.0,16.0,9.0,18.0,6.0,7.0,9.0,11.0,13.0,8.0,8.0,6.0,3.0,6.0,6.0,6.0
IL,Illinois,NO2,44.97222222222222,45.75,46.22222222222222,44.75,46.666666666666664,48.861111111111114,45.611111111111114,45.80555555555556,45.5,46.083333333333336,43.77777777777778,43.666666666666664,38.888888888888886,43.80555555555556,39.416666666666664,40.69444444444444,37.138888888888886,38.80555555555556,36.666666666666664,35.25,34.72222222222222,31.416666666666668,31.97222222222222,33.611111111111114,33.416666666666664,31.666666666666668,29.02777777777778,28.75,29.11111111111111,29.194444444444443,28.86111111111111,29.11111111111111,29.11111111111111
IL,Illinois,O3,0.07387096774193548,0.08141935483870968,0.07496774193548386,0.06974193548387096,0.0774516129032258,0.08558064516129033,0.07977419354838709,0.07725806451612903,0.07716129032258064,0.08393548387096773,0.07254838709677419,0.07606451612903226,0.08480645161290322,0.074,0.06612903225806452,0.0773225806451613,0.06925806451612904,0.07625806451612903,0.06332258064516129,0.06380645161290323,0.06716129032258066,0.0706774193548387,0.07848387096774193,0.06538709677419355,0.0664516129032258,0.06480645161290323,0.07009677419354839,0.06806451612903225,0.07070967741935484,0.06593548387096775,0.06848387096774194,0.06674193548387096,0.06716129032258066
IL,Illinois,PM10,76.0,69.0,80.0,47.0,58.0,62.0,36.0,44.0,45.0,47.0,40.0,38.0,35.0,32.0,45.0,60.0,42.0,72.0,44.0,38.0,51.0,53.0,43.0,38.0,46.0,52.0,51.0,37.0,41.0,30.0,35.0,44.0,44.0
IL,Illinois,PM2.5,,,,,,,,,,,24.895,25.8425,25.107499999999998,24.13,22.020000000000003,27.35,20.865000000000002,23.795,20.3425,19.85,21.4775,19.5225,18.0375,17.017500000000002,18.955000000000002,17.884999999999998,14.0525,13.955000000000002,14.629999999999999,15.2075,13.727500000000001,15.392500000000002,13.885
IL,Illinois,Pb,0.2882352941176471,0.14705882352941177,0.1941176470588235,0.14705882352941177,0.1941176470588235,0.14705882352941177,0.1,0.09411764705882353,0.047058823529411764,0.047058823529411764,0.047058823529411764,0.047058823529411764,0.047058823529411764,0.1411764705882353,0.18823529411764706,0.047058823529411764,0.047058823529411764,0.09411764705882353,0.1411764705882353,0.18529411764705883,0.22411764705882353,0.1252941176470588,0.19058823529411764,0.05470588235294118,0.04,0.03058823529411765,0.02,0.024705882352941175,0.03352941176470588,0.07588235294117647,0.06705882352941175,0.019411764705882354,0.024117647058823532
IL,Illinois,SO2,141.0,110.52380952380952,139.76190476190476,109.42857142857143,118.38095238095238,117.76190476190476,88.47619047619048,84.33333333333333,110.33333333333333,96.76190476190476,83.04761904761905,95.19047619047619,66.9047619047619,68.66666666666667,48.095238095238095,72.76190476190476,51.42857142857143,56.523809523809526,48.142857142857146,47.666666666666664,43.904761904761905,39.38095238095238,41.523809523809526,31.142857142857142,19.333333333333332,17.142857142857142,16.523809523809526,10.666666666666666,11.857142857142858,10.857142857142858,10.333333333333334,10.380952380952381,9.0
IN,Indiana,NO2,50.5,51.0,51.0,50.0,53.0,55.0,53.5,55.5,53.5,53.5,50.5,51.0,44.5,54.0,47.0,49.5,42.5,44.5,43.0,40.0,42.0,40.0,38.5,41.0,40.5,39.5,36.5,35.5,35.5,35.0,34.5,35.0,35.0
IN,Indiana,O3,0.08036111111111112,0.08508333333333333,0.07472222222222222,0.07752777777777778,0.08713888888888889,0.08880555555555555,0.08688888888888889,0.08297222222222222,0.08524999999999999,0.08727777777777777,0.07647222222222222,0.0783888888888889,0.0903888888888889,0.07619444444444444,0.06608333333333333,0.0746388888888889,0.06938888888888889,0.07608333333333334,0.06558333333333333,0.06330555555555556,0.06686111111111111,0.07394444444444444,0.07930555555555556,0.06358333333333334,0.06580555555555556,0.06605555555555556,0.07088888888888889,0.06716666666666667,0.07261111111111111,0.06505555555555556,0.06661111111111112,0.06591666666666668,0.06758333333333334
IN,Indiana,PM10,85.63157894736842,66.3157894736842,67.0,61.526315789473685,63.31578947368421,71.15789473684211,51.21052631578947,51.10526315789474,54.94736842105263,52.10526315789474,54.0,50.0,44.89473684210526,42.73684210526316,55.31578947368421,57.63157894736842,50.63157894736842,59.578947368421055,50.05263157894737,48.94736842105263,65.36842105263158,58.05263157894737,57.89473684210526,47.05263157894737,50.10526315789474,53.78947368421053,68.10526315789474,45.578947368421055,48.05263157894737,46.421052631578945,51.68421052631579,47.89473684210526,55.526315789473685
IN,Indiana,PM2.5,,,,,,,,,,,26.2640625,26.734375,26.2,25.715625,22.5125,29.0578125,22.553125,24.98125,20.725,19.5390625,22.8390625,20.803125,18.621875,17.2515625,20.5296875,16.6734375,14.5609375,14.390625,15.265625,15.7078125,14.4671875,17.3296875,16.1140625
IN,Indiana,Pb,0.1,0.1,0.1,0.1,0.1,0.1,0.1,0.0,0.0,0.0,0.0,0.0,0.0,0.0,0.0,0.0,0.0,0.0,0.0,0.03,0.05,0.05,0.04,0.05,0.04,0.04,0.02,0.02,0.01,0.01,0.02,0.01,0.01
IN,Indiana,SO2,161.37037037037038,162.77777777777777,139.37037037037038,153.22222222222223,145.7037037037037,133.5185185185185,125.62962962962963,112.33333333333333,125.18518518518519,116.33333333333333,112.37037037037037,116.96296296296296,113.96296296296296,125.29629629629629,124.62962962962963,120.07407407407408,134.1851851851852,122.0,93.66666666666667,87.33333333333333,89.11111111111111,66.11111111111111,75.18518518518519,67.70370370370371,77.33333333333333,49.333333333333336,27.85185185185185,11.925925925925926,11.555555555555555,10.592592592592593,12.962962962962964,10.074074074074074,9.703703703703704
IA,Iowa,O3,0.05675,0.06775,0.06525,0.051750000000000004,0.066,0.07425,0.06525,0.06375,0.06675,0.0695,0.06325,0.06025,0.07050000000000001,0.065,0.0665,0.068,0.0715,0.06725,0.05725,0.05575,0.05775,0.0565,0.066,0.0585,0.05975,0.05625,0.06325,0.06225,0.064,0.054000000000000006,0.057,0.05775,0.0565
IA,Iowa,PM10,99.0,93.0,99.0,93.0,127.0,115.0,145.0,98.0,106.0,131.0,118.0,82.0,109.0,132.0,76.0,88.0,79.0,74.0,71.0,47.0,61.0,47.0,55.0,42.0,43.0,44.0,46.0,62.0,62.0,50.0,90.0,70.0,94.0
IA,Iowa,PM2.5,,,,,,,,,,,19.457142857142856,20.32857142857143,18.47142857142857,20.185714285714287,19.79642857142857,22.8,17.342857142857145,20.32857142857143,17.267857142857142,17.45357142857143,21.685714285714287,17.025,16.014285714285716,15.646428571428572,15.482142857142858,13.853571428571428,12.492857142857144,12.632142857142856,13.442857142857141,13.321428571428571,12.689285714285715,15.342857142857143,11.964285714285714
IA,Iowa,SO2,213.5,199.5,157.5,115.5,88.5,61.5,46.5,61.5,52.0,50.5,64.0,36.0,24.5,30.0,31.5,45.0,39.5,29.5,20.5,29.0,24.0,18.5,36.0,25.0,16.0,20.0,17.5,10.0,15.0,10.0,11.5,10.5,39.0
KS,Kansas,O3,0.07588888888888888,0.07533333333333332,0.07277777777777777,0.06733333333333333,0.0758888888888889,0.08344444444444445,0.0801111111111111,0.08566666666666667,0.08744444444444445,0.0801111111111111,0.08388888888888889,0.07955555555555555,0.08177777777777778,0.08388888888888889,0.06744444444444445,0.07844444444444444,0.08133333333333333,0.06888888888888889,0.067,0.07088888888888889,0.07055555555555555,0.07622222222222222,0.08222222222222222,0.06877777777777777,0.06677777777777777,0.06344444444444444,0.06366666666666666,0.06466666666666668,0.06844444444444445,0.06144444444444444,0.061777777777777786,0.06433333333333333,0.06866666666666667
KS,Kansas,PM2.5,,,,,,,,,,,18.544444444444444,18.755555555555553,19.62222222222222,19.466666666666665,17.733333333333334,21.555555555555557,15.227777777777776,18.105555555555558,15.322222222222223,15.716666666666665,15.333333333333334,17.4,14.483333333333333,13.672222222222222,16.977777777777778,14.494444444444444,11.261111111111111,12.200000000000001,13.244444444444445,12.588888888888889,13.866666666666667,17.88888888888889,13.877777777777776
KS,Kansas,SO2,60.0,27.0,72.0,62.0,55.0,78.0,62.0,39.0,17.0,29.0,71.0,29.0,79.0,111.0,143.0,139.0,170.0,160.0,177.0,175.0,168.0,162.0,167.0,156.0,125.0,142.0,9.0,18.0,6.0,7.0,7.0,5.0,7.0
KY,Kentucky,NO2,39.75,37.5,38.166666666666664,36.5,36.0,38.25,34.083333333333336,33.083333333333336,36.666666666666664,33.166666666666664,32.333333333333336,32.083333333333336,29.833333333333332,28.0,28.416666666666668,28.833333333333332,27.416666666666668,28.75,26.166666666666668,23.916666666666668,29.0,24.166666666666668,23.333333333333332,22.416666666666668,21.5,22.583333333333332,21.25,19.25,16.666666666666668,20.75,18.916666666666668,20.0,20.833333333333332
KY,Kentucky,O3,0.08176923076923077,0.08151282051282051,0.07094871794871795,0.08141025641025641,0.08646153846153846,0.08684615384615385,0.08117948717948718,0.08235897435897435,0.09123076923076923,0.09125641025641026,0.08125641025641026,0.08035897435897435,0.08735897435897436,0.07656410256410255,0.06907692307692308,0.07782051282051282,0.07284615384615385,0.08015384615384614,0.07105128205128206,0.06456410256410257,0.07171794871794872,0.07505128205128206,0.08153846153846155,0.06358974358974359,0.06523076923076923,0.06723076923076923,0.06748717948717949,0.06369230769230769,0.06625641025641026,0.061461538461538456,0.06102564102564102,0.06248717948717948,0.06382051282051282
KY,Kentucky,PM10,91.72727272727273,63.0,60.63636363636363,72.36363636363636,67.27272727272727,74.54545454545455,70.0909090909091,78.0909090909091,72.9090909090909,61.54545454545455,70.72727272727273,57.36363636363637,56.27272727272727,49.0,58.81818181818182,60.54545454545455,56.72727272727273,65.36363636363636,60.27272727272727,44.54545454545455,70.27272727272727,48.36363636363637,58.27272727272727,47.27272727272727,36.0,48.36363636363637,43.63636363636363,33.36363636363637,40.0,36.81818181818182,36.18181818181818,37.72727272727273,38.54545454545455
KY,Kentucky,PM2.5,,,,,,,,,,,27.73409090909091,26.61590909090909,26.45909090909091,23.65,22.10681818181818,26.972727272727273,22.45909090909091,25.620454545454546,19.33409090909091,17.777272727272727,19.429545454545455,18.318181818181817,15.94090909090909,16.036363636363635,16.102272727272727,15.379545454545456,13.77727272727273,12.920454545454545,13.670454545454545,13.90227272727273,13.411363636363637,16.538636363636364,13.577272727272726
KY,Kentucky,SO2,130.0,131.1,121.6,126.6,126.0,88.5,81.3,75.5,92.8,90.1,89.1,93.4,77.1,90.3,89.3,92.0,91.4,103.4,74.9,66.5,71.4,35.5,25.0,22.5,29.1,19.4,10.2,7.9,9.4,8.8,5.3,5.4,5.1
LA,Louisiana,CO,4.6,4.6,4.6,9.0,4.6,3.4,4.7,5.4,3.9,4.5,3.6,4.8,3.7,3.1,2.7,2.1,3.3,1.6,1.8,1.1,2.0,1.4,1.7,1.8,1.3,1.2,1.1,1.0,1.7,0.9,0.8,0.9,0.9
LA,Louisiana,NO2,30.647058823529413,30.235294117647058,30.029411764705884,31.264705882352942,27.852941176470587,27.558823529411764,28.470588235294116,29.058823529411764,29.647058823529413,29.647058823529413,30.441176470588236,29.441176470588236,26.029411764705884,26.441176470588236,25.735294117647058,25.970588235294116,27.08823529411765,26.705882352941178,25.205882352941178,25.352941176470587,23.676470588235293,23.323529411764707,21.705882352941178,20.705882352941178,20.676470588235293,20.5,19.470588235294116,18.852941176470587,18.558823529411764,17.852941176470587,16.264705882352942,17.470588235294116,18.88235294117647
LA,Louisiana,O3,0.09317391304347825,0.08282608695652173,0.07839130434782608,0.0788695652173913,0.0811304347826087,0.0878695652173913,0.08195652173913044,0.08421739130434783,0.08791304347826086,0.086,0.0892608695652174,0.0782608695652174,0.07495652173913044,0.08578260869565217,0.0796086956521739,0.08495652173913043,0.08399999999999999,0.0798695652173913,0.07147826086956523,0.07482608695652174,0.07547826086956522,0.07691304347826086,0.07243478260869565,0.06465217391304348,0.06921739130434783,0.0683913043478261,0.06530434782608696,0.0657391304347826,0.06739130434782609,0.0638695652173913,0.06169565217391305,0.062,0.06295652173913044
LA,Louisiana,PM2.5,,,,,,,,,,,23.103703703703705,19.96481481481481,18.08703703703704,18.50925925925926,18.7,21.32037037037037,21.88148148148148,17.546296296296298,15.31851851851852,13.70925925925926,14.488888888888889,15.64259259259259,14.292592592592591,13.257407407407406,12.66851851851852,13.381481481481481,12.594444444444445,13.242592592592594,15.001851851851852,12.65925925925926,13.475925925925926,12.224074074074075,13.411111111111111
LA,Louisiana,SO2,104.0,128.0,142.0,116.0,128.0,136.0,139.0,197.0,141.0,143.0,151.0,126.0,137.0,114.0,137.0,167.0,137.0,135.0,133.0,140.0,87.0,48.0,32.0,27.0,25.0,18.0,22.0,18.0,20.0,16.0,20.0,19.0,20.0
ME,Maine,O3,0.09575,0.104,0.095,0.08775,0.088,0.09325,0.082,0.0955,0.08524999999999999,0.08225,0.06825,0.09375,0.09625,0.0735,0.07175,0.0715,0.07175,0.0805,0.07024999999999999,0.06974999999999999,0.06874999999999999,0.06974999999999999,0.0715,0.07175,0.06375,0.06525,0.065,0.064,0.066,0.06075,0.057249999999999995,0.06575,0.06075
MD,Maryland,CO,4.5,4.3,3.8,4.9,4.1,4.6,4.0,2.4,2.3,3.8,2.7,2.7,2.6,2.5,2.2,1.6,2.3,1.5,1.1,1.3,1.7,1.4,1.4,1.0,1.1,1.7,1.6,1.2,1.2,1.3,1.0,1.4,1.2
MD,Maryland,NO2,57.875,54.875,54.5,55.708333333333336,54.958333333333336,46.458333333333336,46.208333333333336,45.708333333333336,47.333333333333336,47.041666666666664,44.083333333333336,44.5,45.125,48.291666666666664,41.0,44.25,39.0,37.0,33.916666666666664,35.333333333333336,36.458333333333336,33.083333333333336,32.625,29.583333333333332,31.791666666666668,32.416666666666664,31.625,29.125,28.208333333333332,28.666666666666668,27.083333333333332,28.583333333333332,28.791666666666668
MD,Maryland,O3,0.09285714285714286,0.1015,0.08678571428571427,0.09785714285714286,0.08821428571428572,0.09599999999999999,0.08585714285714285,0.09599999999999999,0.09271428571428572,0.09721428571428571,0.0855,0.09114285714285715,0.09778571428571428,0.0805,0.07692857142857143,0.08271428571428571,0.08235714285714286,0.0805,0.0785,0.06714285714285714,0.07964285714285714,0.08307142857142857,0.08071428571428572,0.06785714285714287,0.06642857142857143,0.07007142857142858,0.0727857142857143,0.06857142857142857,0.06985714285714285,0.06735714285714287,0.061214285714285714,0.06842857142857142,0.0642857142857143
MD,Maryland,PM2.5,,,,,,,,,,,26.153333333333332,27.203333333333333,28.303333333333335,24.959999999999997,24.39,25.09333333333333,22.81,22.636666666666667,20.57,17.006666666666668,18.206666666666667,17.41,16.343333333333334,16.356666666666666,15.716666666666667,16.593333333333334,12.946666666666665,13.02,12.846666666666666,14.633333333333333,11.98,13.283333333333333,11.8
MA,Massachusetts,NO2,53.666666666666664,55.166666666666664,57.833333333333336,53.75,57.416666666666664,51.416666666666664,49.166666666666664,48.666666666666664,50.333333333333336,49.0,47.083333333333336,46.333333333333336,42.25,40.416666666666664,38.833333333333336,38.5,35.5,34.333333333333336,36.75,33.75,32.0,34.0,30.0,30.083333333333332,29.166666666666668,33.0,28.583333333333332,26.416666666666668,26.25,25.166666666666668,23.75,23.666666666666668,24.5
MA,Massachusetts,O3,0.08744444444444445,0.10033333333333333,0.089,0.08588888888888889,0.089,0.09200000000000001,0.08155555555555555,0.09288888888888888,0.09044444444444444,0.09122222222222222,0.07344444444444445,0.08722222222222223,0.09288888888888888,0.07833333333333332,0.07755555555555554,0.08088888888888889,0.07677777777777778,0.08255555555555555,0.07266666666666667,0.07144444444444445,0.06944444444444445,0.06677777777777777,0.07177777777777777,0.06822222222222223,0.06644444444444446,0.06666666666666667,0.06544444444444444,0.06744444444444445,0.06477777777777777,0.05666666666666667,0.057444444444444444,0.062000000000000006,0.064
MA,Massachusetts,PM2.5,,,,,,,,,,,20.542857142857144,21.664285714285715,23.25714285714286,21.764285714285712,19.021428571428572,18.842857142857145,18.75,18.97142857142857,17.05,15.185714285714285,15.25,14.700000000000001,14.007142857142856,12.535714285714286,11.25,11.35,9.942857142857141,9.35,10.85,10.257142857142856,10.807142857142859,11.464285714285714,10.585714285714285
MA,Massachusetts,SO2,89.42857142857143,67.42857142857143,84.57142857142857,77.0,82.57142857142857,47.714285714285715,37.42857142857143,54.857142857142854,58.142857142857146,55.857142857142854,53.714285714285715,42.857142857142854,39.42857142857143,36.42857142857143,33.857142857142854,33.714285714285715,30.285714285714285,28.0,26.857142857142858,25.571428571428573,27.857142857142858,24.142857142857142,19.285714285714285,18.285714285714285,9.714285714285714,6.428571428571429,4.285714285714286,4.0,2.857142857142857,2.142857142857143,2.0,1.2857142857142858,1.2857142857142858
MI,Michigan,CO,3.9909090909090916,4.109090909090909,3.472727272727273,3.527272727272727,4.654545454545455,3.9454545454545453,3.027272727272727,2.4,2.8454545454545452,3.936363636363636,2.9818181818181815,2.2818181818181817,3.290909090909091,2.2181818181818183,2.0727272727272723,1.7909090909090908,2.1636363636363636,1.2636363636363637,1.1,1.3818181818181818,1.2454545454545454,1.2909090909090908,1.2909090909090908,1.0545454545454547,1.0090909090909093,1.1454545454545455,1.0090909090909093,1.3272727272727274,1.281818181818182,1.3545454545454545,1.1545454545454545,1.2090909090909092,1.1454545454545455
MI,Michigan,O3,0.085,0.08883333333333333,0.07644444444444445,0.07616666666666666,0.08177777777777778,0.08577777777777779,0.08016666666666666,0.07877777777777778,0.08216666666666667,0.08716666666666667,0.07272222222222222,0.08444444444444445,0.08694444444444444,0.08711111111111111,0.06866666666666667,0.07933333333333334,0.07294444444444444,0.08144444444444444,0.06655555555555555,0.06661111111111112,0.06805555555555556,0.07566666666666667,0.08133333333333333,0.06744444444444445,0.06811111111111111,0.06661111111111112,0.0735,0.0665,0.07222222222222223,0.06216666666666667,0.07100000000000001,0.06733333333333333,0.06788888888888889
MI,Michigan,PM10,79.8,71.81818181818181,100.52727272727272,84.18181818181819,85.10909090909091,81.56363636363636,60.38181818181818,57.07272727272727,67.89090909090909,75.52727272727272,60.290909090909096,54.472727272727276,60.8,64.81818181818181,59.61818181818182,68.36363636363636,45.07272727272727,51.43636363636363,39.345454545454544,32.45454545454545,36.43636363636363,38.654545454545456,39.74545454545455,32.0,35.72727272727273,36.8,61.45454545454545,39.36363636363637,44.01818181818182,46.43636363636363,34.8,53.25454545454545,58.43636363636363
MI,Michigan,PM2.5,,,,,,,,,,,25.28125,27.4,24.818749999999998,24.721875,22.328125,29.493750000000002,22.7875,21.725,19.19375,19.259375,17.478125,16.453125,17.059375,13.775,16.85625,17.534375,14.0875,14.915625,14.45,14.6875,12.9125,15.684375000000001,16.259375
MI,Michigan,SO2,97.0,97.0,78.0,77.0,97.0,106.0,122.0,110.0,109.0,123.0,114.0,129.0,126.0,122.0,130.0,125.0,130.0,116.0,101.0,79.0,107.0,94.0,80.0,66.0,72.0,55.0,59.0,70.0,67.0,61.0,43.0,37.0,43.0
MN,Minnesota,CO,5.4,4.6,4.6,4.1,5.700000000000001,3.5,3.0,3.2,3.8999999999999995,2.8999999999999995,2.7,2.8999999999999995,3.1000000000000005,2.3,1.8000000000000003,1.8000000000000003,2.4,1.4,0.8,1.9,1.8000000000000003,1.0,1.1,0.6,0.9000000000000001,0.9000000000000001,1.0,1.0,3.8999999999999995,1.4,1.1,1.6,1.2
MN,Minnesota,O3,0.068,0.071,0.075,0.058,0.071,0.084,0.071,0.075,0.071,0.074,0.065,0.075,0.074,0.071,0.063,0.074,0.069,0.071,0.058,0.062000000000000006,0.066,0.064,0.073,0.066,0.063,0.06099999999999999,0.06099999999999999,0.062000000000000006,0.065,0.05899999999999999,0.060000000000000005,0.067,0.057
MN,Minnesota,PM10,51.0,47.0,38.0,34.0,39.5,42.5,49.0,42.5,62.5,59.5,48.0,40.0,44.0,52.5,54.5,43.5,44.0,48.0,42.5,39.5,44.0,49.0,37.0,46.0,59.0,49.5,39.5,46.0,59.5,52.0,59.5,50.0,46.5
MN,Minnesota,PM2.5,,,,,,,,,,,22.268181818181816,19.900000000000002,17.259090909090908,16.59090909090909,17.686363636363634,19.213636363636365,15.909090909090908,16.570454545454545,17.588636363636365,21.620454545454546,18.74318181818182,15.784090909090908,14.770454545454545,14.288636363636362,14.068181818181818,11.845454545454546,11.990909090909092,11.663636363636364,13.884090909090908,13.636363636363637,12.443181818181818,18.270454545454545,11.904545454545454
MN,Minnesota,SO2,102.0,143.0,129.0,85.0,69.0,65.0,76.0,45.0,36.0,28.0,28.0,21.0,14.0,14.0,15.0,19.0,18.0,16.0,17.0,11.0,15.0,9.0,8.0,10.0,8.0,6.0,4.0,4.0,4.0,6.0,5.0,4.0,3.0
MS,Mississippi,O3,0.088,0.085,0.08,0.084,0.085,0.095,0.094,0.087,0.092,0.097,0.092,0.085,0.091,0.083,0.077,0.086,0.086,0.082,0.077,0.07,0.076,0.078,0.08,0.066,0.067,0.065,0.069,0.063,0.069,0.065,0.063,0.067,0.071
MO,Missouri,NO2,39.5,41.0,42.0,40.5,41.0,44.0,38.5,36.5,37.0,39.0,37.5,37.0,34.0,34.5,32.5,32.5,32.5,34.0,31.0,31.5,27.5,23.0,26.0,27.0,27.0,24.0,22.0,22.5,23.5,24.0,24.0,24.0,24.0
MO,Missouri,O3,0.07233333333333333,0.07433333333333333,0.0720952380952381,0.072,0.07895238095238095,0.08895238095238096,0.08204761904761905,0.08119047619047619,0.08157142857142856,0.08133333333333333,0.07957142857142856,0.0738095238095238,0.08161904761904762,0.07976190476190476,0.06695238095238096,0.07947619047619048,0.07899999999999999,0.07628571428571428,0.06566666666666666,0.06576190476190476,0.06742857142857143,0.07509523809523809,0.08219047619047619,0.0668095238095238,0.0648095238095238,0.06385714285714286,0.06566666666666666,0.06547619047619048,0.0700952380952381,0.06219047619047619,0.06276190476190477,0.06604761904761905,0.06733333333333334
MO,Missouri,PM2.5,,,,,,,,,,,21.7,22.08125,23.140625,22.271874999999998,19.228125,24.85625,18.928125,20.496875,17.59375,17.73125,17.759375,17.94375,15.703125,15.31875,17.134375,15.846875,12.6875,12.865625,14.309375,14.15,14.078125,14.987499999999999,12.625
MO,Missouri,Pb,0.5,0.2,0.3,0.2,0.3,0.2,0.1,0.2,0.1,0.1,0.1,0.1,0.1,0.3,0.4,0.1,0.1,0.2,0.3,0.36,0.42,0.21,0.36,0.06,0.04,0.02,0.02,0.03,0.06,0.15,0.12,0.03,0.04
MO,Missouri,SO2,95.0,73.375,103.5,81.25,87.375,103.375,76.0,60.4375,55.0625,65.3125,79.3125,67.9375,82.9375,106.625,104.5,119.3125,114.4375,107.5,117.5,112.0,108.9375,99.4375,103.125,95.625,79.9375,86.4375,12.0625,13.625,7.75,7.4375,6.5625,6.75,7.875
MT,Montana,O3,0.053,0.056,0.054,0.05,0.055,0.052,0.058,0.052,0.058,0.058,0.056,0.049,0.052,0.061,0.054,0.057,0.059,0.054,0.057,0.055,0.055,0.055,0.055,0.054,0.052,0.057,0.05,0.053,0.055,0.053,0.052,0.057,0.052
MT,Montana,PM2.5,,,,,,,,,,,38.25,14.5,16.9,26.85,19.25,23.15,24.9,30.4,21.05,24.4,25.85,22.45,29.6,22.3,19.05,27.25,17.65,30.65,13.8,13.15,23.5,29.35,23.9
MT,Montana,SO2,335.0,335.0,336.0,349.0,271.0,193.0,186.0,94.0,93.0,98.0,100.0,107.0,107.0,96.0,105.0,76.0,71.0,80.0,89.0,72.0,91.0,81.0,70.0,48.0,93.0,48.0,18.0,32.0,22.0,18.0,18.0,22.0,26.0
NE,Nebraska,O3,0.05485714285714286,0.06357142857142857,0.06557142857142857,0.048285714285714286,0.06414285714285714,0.07071428571428572,0.06042857142857143,0.06042857142857143,0.063,0.06371428571428571,0.061285714285714284,0.05457142857142857,0.06542857142857143,0.06285714285714286,0.0652857142857143,0.0652857142857143,0.06742857142857142,0.06257142857142857,0.055285714285714285,0.05442857142857143,0.055714285714285716,0.05585714285714286,0.06371428571428571,0.05714285714285715,0.05957142857142857,0.05671428571428572,0.06157142857142857,0.061285714285714284,0.06271428571428571,0.05171428571428571,0.054714285714285715,0.05614285714285715,0.055
NE,Nebraska,PM10,99.0,93.0,99.0,93.0,127.0,115.0,145.0,98.0,106.0,131.0,118.0,82.0,109.0,132.0,76.0,88.0,79.0,74.0,71.0,47.0,61.0,47.0,55.0,42.0,43.0,44.0,46.0,62.0,62.0,50.0,90.0,70.0,94.0
NE,Nebraska,PM2.5,,,,,,,,,,,18.485714285714288,17.392857142857142,17.642857142857142,17.50714285714286,17.935714285714287,19.314285714285713,16.092857142857145,16.52857142857143,13.657142857142857,14.121428571428572,19.178571428571427,16.071428571428573,16.27857142857143,15.192857142857141,14.114285714285714,12.664285714285713,11.442857142857141,12.992857142857144,14.192857142857141,12.714285714285714,12.335714285714285,15.192857142857141,10.571428571428571
NV,Nevada,CO,9.5,8.9,7.599999999999999,6.0,7.0,5.5,5.900000000000001,6.400000000000001,5.8,6.8,5.2,4.6,4.4,3.7999999999999994,3.9,3.2000000000000006,3.0,3.1,2.9,2.6,2.6,2.6,2.3,2.4,2.4,2.0,1.8999999999999997,2.2,1.6000000000000003,1.5,1.8,2.0,1.8
NV,Nevada,O3,0.074,0.07,0.07,0.062,0.07,0.069,0.072,0.065,0.072,0.071,0.067,0.071,0.074,0.071,0.069,0.069,0.073,0.071,0.074,0.064,0.068,0.065,0.072,0.067,0.069,0.071,0.07,0.068,0.077,0.063,0.073,0.078,0.064
NV,Nevada,PM2.5,,,,,,,,,,,7.1,6.6,8.0,5.85,5.2,6.9,6.25,6.5,8.7,7.45,6.7,6.35,9.0,11.1,8.3,7.45,9.5,8.0,9.1,6.45,13.05,9.95,9.2
NH,New Hampshire,NO2,58.0,60.0,64.0,58.5,62.0,57.0,54.0,53.0,56.0,53.5,51.5,50.5,46.0,44.5,42.5,42.0,39.0,38.0,40.5,37.5,35.5,36.5,34.0,33.0,33.0,36.5,31.0,29.5,29.0,28.0,26.0,26.5,27.5
NH,New Hampshire,O3,0.0782,0.0874,0.08299999999999999,0.0816,0.08059999999999999,0.0792,0.0786,0.0844,0.0818,0.08399999999999999,0.0664,0.079,0.0886,0.07339999999999999,0.0746,0.0762,0.071,0.07680000000000001,0.06820000000000001,0.0666,0.06620000000000001,0.0638,0.067,0.0656,0.06420000000000001,0.0624,0.0632,0.064,0.0618,0.053200000000000004,0.053200000000000004,0.0596,0.0612
NH,New Hampshire,PM2.5,,,,,,,,,,,20.15,20.5,21.85,19.9125,18.3625,17.7875,18.5625,17.15,15.775,15.725,14.3,15.35,14.425,12.9625,11.9875,11.75,9.6875,9.225,10.2,10.0,10.0125,10.7875,10.125
NH,New Hampshire,SO2,90.0,63.0,86.0,82.0,75.0,52.0,28.0,56.0,60.0,55.0,53.0,38.0,36.0,34.0,32.0,29.0,26.0,25.0,24.0,23.0,21.0,19.0,13.0,12.0,10.0,6.0,4.0,3.0,3.0,2.0,2.0,1.0,1.0
NJ,New Jersey,CO,8.0,9.1,6.400000000000001,5.8,8.6,7.0,5.5,4.7,4.6,5.3,4.3,3.9,3.6,3.1,3.2999999999999994,3.1,2.7000000000000006,2.2,1.8999999999999997,2.0,1.8999999999999997,2.0,2.2,1.8,2.0,1.7,2.0,1.3999999999999997,2.2,1.3999999999999997,1.8,1.8,1.8
NJ,New Jersey,NO2,55.375,51.25,56.625,48.75,56.25,49.125,50.75,49.5,48.5,46.875,49.625,48.125,46.0,44.875,42.875,42.125,40.75,37.0,37.875,35.375,35.125,35.375,32.375,31.625,33.5,31.25,29.75,29.125,29.0,28.875,27.25,29.875,29.125
NJ,New Jersey,O3,0.09894736842105263,0.10442105263157894,0.08763157894736842,0.09589473684210527,0.0891578947368421,0.10247368421052631,0.0886842105263158,0.0993157894736842,0.09568421052631579,0.0998421052631579,0.09010526315789473,0.09247368421052632,0.10105263157894737,0.08657894736842105,0.0788421052631579,0.08778947368421053,0.08373684210526315,0.08463157894736842,0.08073684210526316,0.06968421052631578,0.07926315789473684,0.0806842105263158,0.0808421052631579,0.06984210526315789,0.06873684210526317,0.07347368421052632,0.07326315789473684,0.07073684210526315,0.07278947368421053,0.06689473684210527,0.06415789473684211,0.06863157894736842,0.06605263157894738
NJ,New Jersey,PM10,93.0,92.0,78.0,85.0,106.0,72.0,83.0,77.0,63.0,56.0,63.0,67.0,72.0,61.0,54.0,66.0,52.0,49.0,74.0,49.0,65.0,63.0,73.0,43.0,37.0,43.0,32.0,32.0,33.0,33.0,30.0,39.0,24.0
NJ,New Jersey,PM2.5,,,,,,,,,,,25.55,25.215,25.610000000000003,25.645,22.815,23.8,23.520000000000003,22.5075,20.425,17.345,17.78,18.21,15.7225,16.15,15.5675,16.0775,12.2825,12.8475,13.065000000000001,13.169999999999998,12.969999999999999,13.925,11.725
NJ,New Jersey,SO2,75.0,67.0,66.0,49.0,60.0,45.0,53.0,56.0,44.0,51.0,47.0,50.0,46.0,49.0,48.0,49.0,40.0,35.0,33.0,30.0,22.0,24.0,18.0,11.0,10.0,7.0,5.0,4.0,5.0,5.0,5.0,6.0,5.0
NM,New Mexico,CO,5.1,5.5,4.4,5.0,4.5,3.8,4.1,3.5,3.7,3.8,3.3,2.9,2.8,2.1,2.2,2.0,2.0,1.6,1.2,1.1,1.1,1.3,1.6,0.9,1.2,1.4,1.2,1.0,1.0,1.0,0.9,0.8,0.9
NM,New Mexico,NO2,45.0,39.5,52.0,56.0,50.5,42.5,48.5,49.5,36.5,36.0,36.0,35.5,38.0,36.5,34.5,33.5,34.0,39.5,39.0,30.0,32.5,31.5,31.5,28.5,27.0,27.0,27.0,27.5,27.5,26.5,24.5,26.0,26.5
NM,New Mexico,O3,0.0722,0.06820000000000001,0.066,0.0654,0.0742,0.07100000000000001,0.069,0.0666,0.072,0.07239999999999999,0.0726,0.071,0.074,0.0766,0.0706,0.07239999999999999,0.0712,0.0688,0.0654,0.063,0.0648,0.0678,0.0708,0.0664,0.0626,0.0668,0.0646,0.0694,0.0736,0.06720000000000001,0.071,0.0726,0.07239999999999999
NM,New Mexico,PM10,63.6,57.6,50.8,65.8,57.8,53.6,42.8,46.8,43.239999999999995,50.96,40.6,46.8,69.4,88.2,39.4,60.0,67.6,51.0,41.4,45.8,34.2,133.4,88.0,119.2,100.8,43.0,60.4,55.6,59.4,51.6,68.2,86.2,93.0
NM,New Mexico,PM2.5,,,,,,,,,,,12.47,11.989999999999998,12.080000000000002,11.75,12.23,12.51,12.1,12.01,9.75,9.36,9.49,20.63,15.129999999999999,10.940000000000001,11.489999999999998,12.510000000000002,10.86,10.32,9.73,9.790000000000001,11.7,11.27,9.83
NY,New York,CO,7.25,8.216666666666667,6.3500000000000005,5.566666666666666,7.866666666666666,6.3500000000000005,5.2,4.466666666666667,4.35,4.783333333333333,3.9166666666666665,3.5666666666666664,3.3000000000000003,2.983333333333333,2.983333333333333,2.85,2.5333333333333337,2.016666666666667,1.75,1.8499999999999999,1.7999999999999998,1.9000000000000001,2.016666666666667,1.7166666666666668,1.8833333333333335,1.6666666666666667,1.8166666666666667,1.3333333333333333,1.9500000000000002,1.2833333333333332,1.6333333333333335,1.6166666666666665,1.6166666666666665
NY,New York,NO2,55.72727272727273,50.63636363636363,56.45454545454545,48.09090909090909,56.45454545454545,48.27272727272727,50.63636363636363,49.09090909090909,48.72727272727273,47.45454545454545,49.72727272727273,48.27272727272727,46.36363636363637,44.54545454545455,42.54545454545455,42.18181818181818,40.54545454545455,36.45454545454545,36.81818181818182,34.90909090909091,34.36363636363637,35.27272727272727,31.818181818181817,31.363636363636363,33.09090909090909,30.545454545454547,29.545454545454547,28.636363636363637,29.09090909090909,28.545454545454547,26.181818181818183,28.90909090909091,28.545454545454547
NY,New York,O3,0.08985185185185186,0.0955185185185185,0.08207407407407406,0.08344444444444445,0.08214814814814815,0.09218518518518518,0.07751851851851851,0.08592592592592593,0.08507407407407408,0.09092592592592592,0.07748148148148148,0.08796296296296297,0.095,0.08366666666666667,0.07103703703703704,0.0811111111111111,0.07551851851851851,0.08048148148148149,0.07562962962962962,0.06514814814814815,0.07366666666666666,0.07148148148148149,0.07625925925925926,0.06711111111111111,0.06374074074074075,0.06744444444444445,0.06974074074074074,0.06622222222222222,0.06985185185185185,0.061222222222222226,0.06051851851851851,0.0662962962962963,0.06296296296296296
NY,New York,PM10,93.0,92.0,78.0,85.0,106.0,72.0,83.0,77.0,63.0,56.0,63.0,67.0,72.0,61.0,54.0,66.0,52.0,49.0,74.0,49.0,65.0,63.0,73.0,43.0,37.0,43.0,32.0,32.0,33.0,33.0,30.0,39.0,24.0
NY,New York,PM2.5,,,,,,,,,,,22.535714285714285,23.414285714285715,24.538095238095234,23.66904761904762,21.77857142857143,24.20714285714286,20.523809523809526,20.833333333333332,18.488095238095237,16.176190476190477,16.63095238095238,16.797619047619047,14.242857142857144,13.938095238095238,13.778571428571427,14.71904761904762,11.064285714285713,11.223809523809525,12.657142857142858,12.02142857142857,12.885714285714286,13.345238095238095,11.033333333333333
NY,New York,SO2,67.86666666666666,79.73333333333333,61.46666666666667,47.06666666666667,53.2,43.2,49.266666666666666,50.46666666666667,42.46666666666667,46.2,47.333333333333336,46.333333333333336,40.53333333333333,45.06666666666667,42.266666666666666,41.4,33.6,30.133333333333333,27.266666666666666,25.466666666666665,18.666666666666668,20.733333333333334,15.266666666666667,9.8,8.733333333333333,6.933333333333334,4.866666666666666,4.133333333333334,4.666666666666667,5.266666666666667,5.666666666666667,5.933333333333334,3.933333333333333
NC,North Carolina,NO2,39.0,36.0,36.0,39.5,39.0,37.0,36.0,38.5,39.0,37.0,37.5,37.5,33.0,36.0,30.0,29.5,31.0,32.5,33.5,31.5,29.0,27.5,26.5,21.5,23.5,23.0,21.5,22.5,21.0,20.5,17.5,19.0,20.5
NC,North Carolina,O3,0.0854,0.082,0.08065,0.08795,0.0833,0.083775,0.0851,0.08967499999999999,0.09659999999999999,0.0946,0.08835,0.08752499999999999,0.09665,0.08205,0.07565,0.08105,0.079175,0.0823,0.0781,0.066375,0.07435,0.0742,0.072975,0.06315,0.064225,0.064375,0.0664,0.063275,0.0648,0.063725,0.055400000000000005,0.062875,0.061224999999999995
NC,North Carolina,PM2.5,,,,,,,,,,,24.98709677419355,23.44516129032258,23.2758064516129,22.438709677419357,22.325806451612905,23.822580645161292,22.664516129032258,21.751612903225805,19.516129032258064,14.996774193548386,16.951612903225808,16.40483870967742,13.97741935483871,13.588709677419354,13.669354838709678,13.356451612903227,15.864516129032259,12.941935483870967,12.350000000000001,12.638709677419355,12.029032258064515,13.820967741935483,12.02258064516129
NC,North Carolina,SO2,71.0,97.0,61.0,85.0,72.0,71.0,63.0,80.0,89.0,59.0,67.0,73.0,107.0,71.0,98.0,88.0,77.0,67.0,27.0,18.0,15.0,9.0,11.0,5.0,13.0,9.0,6.0,4.0,5.0,5.0,3.0,4.0,4.0
ND,North Dakota,NO2,0.0,1.0,1.0,1.0,2.0,2.0,1.0,2.0,2.0,3.0,2.0,3.0,2.0,2.0,2.0,2.0,2.0,2.0,2.0,2.0,2.0,1.0,2.0,2.0,2.0,2.0,2.0,2.0,2.0,2.0,2.0,2.0,2.0
ND,North Dakota,O3,0.059,0.059,0.061,0.053,0.057,0.057,0.057,0.062,0.061,0.059,0.055,0.057,0.058,0.062,0.05000000000000001,0.057,0.064,0.059,0.06,0.057,0.061,0.058,0.057,0.061,0.06,0.064,0.054,0.062,0.063,0.061,0.055,0.065,0.056
ND,North Dakota,PM2.5,,,,,,,,,,,9.742857142857144,10.221428571428572,9.65,12.221428571428572,10.450000000000001,10.5,12.785714285714286,10.071428571428571,10.15,10.028571428571428,11.792857142857143,9.028571428571428,10.164285714285715,9.807142857142859,8.035714285714286,16.235714285714288,8.9,11.221428571428572,12.85,8.135714285714286,9.15,24.164285714285715,12.314285714285715
ND,North Dakota,SO2,68.0,68.0,68.0,59.0,50.0,69.0,66.0,55.0,72.0,88.0,65.0,62.0,59.0,69.0,69.0,61.0,45.0,63.0,55.0,42.0,59.0,52.0,40.0,24.0,9.0,9.0,11.0,14.0,10.0,8.0,11.0,13.0,10.0
OH,Ohio,O3,0.08458064516129032,0.09012903225806451,0.07661290322580645,0.08080645161290322,0.0832258064516129,0.08700000000000001,0.08425806451612904,0.08129032258064516,0.08716129032258065,0.0872258064516129,0.07829032258064517,0.08141935483870968,0.09074193548387097,0.08054838709677418,0.07064516129032258,0.07938709677419355,0.07203225806451613,0.07716129032258064,0.06945161290322581,0.0650967741935484,0.07045161290322581,0.07474193548387097,0.07812903225806452,0.06496774193548388,0.06619354838709678,0.06690322580645162,0.06812903225806452,0.0654516129032258,0.06745161290322581,0.062354838709677424,0.06380645161290323,0.0632258064516129,0.06383870967741936
OH,Ohio,PM10,88.13,70.5,67.07000000000001,75.77000000000001,72.07000000000001,71.3,63.67,67.3,63.83,59.470000000000006,63.92999999999999,57.370000000000005,53.3,50.2,53.57000000000001,56.42999999999999,50.57,53.0,46.5,38.87,54.629999999999995,40.53,42.0,35.07,33.13,41.07,35.83,29.1,32.13,31.3,30.57,32.13,36.0
OH,Ohio,PM2.5,,,,,,,,,,,27.828333333333333,28.98166666666667,27.426666666666666,24.691666666666666,24.07,27.654999999999998,22.985,24.46,20.23,18.603333333333335,20.87,17.908333333333335,16.031666666666666,16.796666666666667,16.825,16.325,13.276666666666667,13.791666666666666,14.120000000000001,14.448333333333332,13.931666666666667,14.903333333333334,13.055000000000001
OH,Ohio,SO2,199.0,206.8,212.0,232.8,186.0,147.6,144.4,174.8,168.0,177.4,145.2,135.2,122.8,144.4,147.4,129.2,120.6,85.4,74.8,49.8,57.4,53.8,33.2,28.6,26.4,24.6,14.6,8.6,13.4,9.8,10.4,12.0,10.0
OK,Oklahoma,O3,0.08299999999999999,0.082,0.0755,0.07150000000000001,0.08,0.089,0.08,0.0815,0.08650000000000001,0.081,0.082,0.079,0.0795,0.0825,0.0725,0.0745,0.081,0.071,0.06899999999999999,0.06999999999999999,0.06999999999999999,0.0815,0.0815,0.06999999999999999,0.0655,0.064,0.0655,0.06799999999999999,0.06949999999999999,0.0635,0.0635,0.0655,0.0705
OK,Oklahoma,PM2.5,,,,,,,,,,,19.56,19.783333333333335,20.73,18.353333333333335,18.226666666666667,20.446666666666665,15.823333333333332,18.903333333333332,16.95,15.526666666666667,14.623333333333333,16.91,14.653333333333334,14.933333333333334,15.24,12.95,14.05,13.576666666666666,17.403333333333332,14.159999999999998,13.513333333333334,17.076666666666664,14.286666666666665
OK,Oklahoma,SO2,129.0,143.0,157.0,128.0,98.0,69.0,84.0,74.0,72.0,86.0,72.0,96.0,58.0,60.0,103.0,70.0,66.0,60.0,85.0,63.0,63.0,68.0,55.0,42.0,14.0,11.0,17.0,14.0,8.0,8.0,7.0,5.0,6.0
OR,Oregon,CO,6.3,8.1,5.6,6.7,5.7,4.7,5.2,3.6,3.2,4.4,3.8,3.2,3.0,3.1,3.7,2.5,2.7,2.7,2.5,2.3,2.4,2.4,2.1,1.8,1.3,1.9,1.2,1.1,1.6,1.4,14.1,1.4,1.5
OR,Oregon,O3,0.07914285714285715,0.067,0.07485714285714286,0.06,0.06742857142857143,0.06542857142857143,0.08371428571428573,0.05728571428571429,0.07085714285714285,0.06028571428571428,0.05971428571428571,0.06328571428571429,0.06414285714285714,0.07171428571428572,0.062142857142857146,0.06157142857142857,0.068,0.059428571428571435,0.06271428571428571,0.0642857142857143,0.057,0.05657142857142857,0.06028571428571428,0.055285714285714285,0.05742857142857143,0.06557142857142857,0.05585714285714286,0.07357142857142858,0.06342857142857143,0.05814285714285715,0.05771428571428572,0.060000000000000005,0.05985714285714285
OR,Oregon,PM10,142.0,184.0,161.0,151.0,143.0,135.0,78.0,91.0,78.0,93.0,69.0,75.0,79.0,60.0,50.0,73.0,47.0,59.0,45.0,45.0,38.0,46.0,41.0,40.0,44.0,31.0,25.0,173.0,60.0,49.0,423.0,128.0,350.0
OR,Oregon,PM2.5,,,,,,,,,,,20.92142857142857,19.357142857142858,25.357142857142858,17.82857142857143,22.29285714285714,21.05,24.485714285714284,20.37142857142857,20.400000000000002,18.32857142857143,13.828571428571427,22.135714285714283,16.8,23.95,13.564285714285715,19.385714285714283,11.057142857142859,25.092857142857145,24.49285714285714,15.407142857142857,38.34285714285714,18.792857142857144,26.2
PA,Pennsylvania,CO,3.7,3.825,3.4250000000000003,3.15,3.125,2.825,3.825,2.775,2.2,1.9749999999999999,2.075,1.875,1.85,1.675,1.875,1.425,1.4249999999999998,1.6,1.15,0.95,0.9500000000000001,0.95,0.9,1.375,1.05,1.175,0.85,0.6749999999999999,1.0,0.925,0.8250000000000001,0.825,0.9500000000000001
PA,Pennsylvania,NO2,42.78947368421053,42.1578947368421,41.6578947368421,40.10526315789474,42.078947368421055,39.8421052631579,38.473684210526315,37.44736842105263,36.0,35.973684210526315,35.473684210526315,34.973684210526315,34.10526315789474,33.05263157894737,31.236842105263158,32.73684210526316,31.44736842105263,29.94736842105263,29.526315789473685,27.44736842105263,27.605263157894736,26.31578947368421,24.05263157894737,23.68421052631579,26.342105263157894,26.473684210526315,24.289473684210527,22.736842105263158,21.789473684210527,22.105263157894736,22.210526315789473,23.236842105263158,23.657894736842106
PA,Pennsylvania,O3,0.08187096774193547,0.08864516129032259,0.07432258064516128,0.08393548387096773,0.08241935483870969,0.0878709677419355,0.0803225806451613,0.08619354838709678,0.08748387096774195,0.08909677419354839,0.07932258064516129,0.0822258064516129,0.08890322580645162,0.07606451612903226,0.07006451612903226,0.07677419354838709,0.0707741935483871,0.07438709677419356,0.07174193548387098,0.062290322580645166,0.07132258064516128,0.07496774193548386,0.07735483870967742,0.06696774193548387,0.06525806451612903,0.06925806451612904,0.06967741935483872,0.06564516129032258,0.06780645161290322,0.062387096774193546,0.06203225806451613,0.064,0.062096774193548386
PA,Pennsylvania,PM10,103.8,94.5,93.0,90.8,98.3,81.5,71.8,76.5,70.0,68.5,61.0,71.8,63.5,66.3,66.8,64.8,54.8,58.3,52.5,48.3,54.0,48.0,45.3,33.8,38.3,41.8,42.3,39.8,33.8,37.0,31.0,32.5,28.8
PA,Pennsylvania,PM2.5,,,,,,,,,,,26.605357142857144,28.93392857142857,29.176785714285717,27.17142857142857,25.37857142857143,26.932142857142857,24.13214285714286,25.146428571428572,21.962500000000002,19.56607142857143,21.148214285714285,20.144642857142856,17.57857142857143,18.794642857142858,17.34107142857143,17.71607142857143,14.7875,15.080357142857142,14.55892857142857,15.18392857142857,14.244642857142859,15.364285714285714,14.091071428571428
PA,Pennsylvania,SO2,133.64285714285714,119.07142857142857,123.92857142857143,114.85714285714286,137.35714285714286,106.28571428571429,85.85714285714286,91.71428571428571,97.71428571428571,88.0,87.42857142857143,92.21428571428571,88.5,89.85714285714286,86.0,88.5,77.57142857142857,97.64285714285714,75.28571428571429,76.42857142857143,52.142857142857146,47.42857142857143,37.214285714285715,29.285714285714285,37.785714285714285,36.92857142857143,23.071428571428573,26.642857142857142,27.571428571428573,21.0,11.642857142857142,14.142857142857142,16.714285714285715
PR,Puerto Rico,PM2.5,,,,,,,,,,,13.75,13.9,14.3,12.75,11.7,13.5,13.05,11.7,12.65,13.55,11.85,10.15,12.85,9.35,10.4,11.4,14.6,20.05,25.95,13.25,14.4,15.0,15.0
RI,Rhode Island,O3,0.10600000000000001,0.124,0.085,0.09,0.091,0.10700000000000001,0.085,0.098,0.095,0.091,0.087,0.10500000000000001,0.1,0.082,0.08,0.09,0.079,0.089,0.074,0.069,0.072,0.078,0.072,0.073,0.067,0.07,0.075,0.076,0.074,0.064,0.065,0.067,0.06
RI,Rhode Island,PM2.5,,,,,,,,,,,19.95,21.85,21.5,21.95,19.65,20.1,19.35,18.85,16.0,14.4,15.9,15.25,13.25,13.1,11.2,11.85,11.05,9.9,11.75,9.65,11.15,11.95,9.75
RI,Rhode Island,SO2,127.0,124.0,131.0,105.0,122.0,53.0,100.0,80.0,81.0,88.0,88.0,87.0,74.0,61.0,58.0,70.0,67.0,56.0,55.0,53.0,84.0,65.0,65.0,62.0,13.0,10.0,7.0,11.0,4.0,4.0,3.0,3.0,3.0
SC,South Carolina,NO2,12.0,12.0,11.0,12.0,10.0,11.0,9.0,10.0,9.0,9.0,11.0,11.0,10.0,10.0,10.0,10.0,9.0,8.0,9.0,8.0,8.0,7.0,7.0,7.0,7.0,6.0,5.0,7.0,6.0,6.0,6.0,6.0,6.0
SC,South Carolina,O3,0.0836875,0.07425,0.07656249999999999,0.0825,0.0785,0.081375,0.082375,0.0849375,0.0911875,0.090875,0.0881875,0.0836875,0.089125,0.07793749999999999,0.0778125,0.081625,0.08075,0.07975,0.078375,0.0650625,0.07187500000000001,0.0745,0.0664375,0.059875,0.06125,0.0609375,0.06525,0.0616875,0.06125,0.060625,0.0558125,0.06225,0.0620625
SC,South Carolina,PM10,93.0,93.0,93.0,57.0,84.0,54.0,52.0,46.0,50.0,47.0,52.0,63.0,39.0,43.0,45.0,48.0,37.0,57.0,34.0,43.0,49.0,52.0,41.0,34.0,30.0,39.0,66.0,29.0,31.0,54.0,45.0,40.0,53.0
SC,South Carolina,PM2.5,,,,,,,,,,,23.849999999999998,20.310714285714287,20.892857142857142,20.192857142857143,23.082142857142856,24.232142857142858,21.22142857142857,21.071428571428573,17.65,15.667857142857143,17.114285714285714,17.55,13.528571428571428,13.339285714285714,13.596428571428572,12.260714285714286,14.032142857142857,12.575000000000001,11.710714285714285,12.032142857142857,12.357142857142858,14.075000000000001,11.664285714285715
TN,Tennessee,NO2,11.0,9.0,14.0,12.0,20.0,14.0,12.0,13.0,11.0,18.0,19.0,18.0,16.0,8.0,16.0,18.0,17.0,18.0,15.0,12.0,13.0,12.0,12.0,11.0,10.0,9.0,9.0,8.0,8.0,7.0,7.0,7.0,6.0
TN,Tennessee,O3,0.09052941176470587,0.0823529411764706,0.07908823529411765,0.08502941176470588,0.08611764705882352,0.093,0.09047058823529412,0.09067647058823529,0.09820588235294117,0.09644117647058824,0.0905,0.0835,0.09079411764705883,0.0808235294117647,0.07429411764705882,0.08088235294117647,0.08188235294117646,0.08411764705882352,0.076,0.06620588235294118,0.07461764705882352,0.07344117647058823,0.07755882352941176,0.06373529411764706,0.0655,0.06588235294117648,0.06764705882352942,0.06373529411764706,0.06667647058823531,0.06391176470588235,0.05870588235294118,0.06335294117647058,0.0643529411764706
TN,Tennessee,PM2.5,,,,,,,,,,,30.542857142857144,24.67142857142857,23.585714285714285,25.035714285714285,21.321428571428573,24.571428571428573,23.37142857142857,23.735714285714288,19.25,16.307142857142857,16.978571428571428,16.735714285714288,13.957142857142857,14.064285714285715,14.142857142857142,12.778571428571428,13.578571428571427,12.807142857142859,11.492857142857144,11.857142857142858,12.728571428571428,15.85,13.285714285714286
TX,Texas,CO,5.3,4.7,5.4,4.7,4.0,3.3,5.1,3.7,3.4,3.1,2.6,2.3,2.8,4.2,1.8,1.7,1.8,1.5,1.3,1.1,1.0,1.1,1.1,1.1,1.1,1.0,1.0,0.9,1.2,1.3,1.0,1.3,1.3
TX,Texas,NO2,44.16,43.74,42.92,39.04,42.22,41.96,40.06,40.98,39.62,42.22,36.22,37.4,36.58,34.74,34.36,33.12,35.28,35.1,35.16,30.32,31.62,31.48,29.94,29.12,26.64,26.12,24.72,24.8,24.78,24.94,25.0,27.08,28.04
TX,Texas,O3,0.09491666666666666,0.08814583333333333,0.08466666666666667,0.08789583333333334,0.08850000000000001,0.09952083333333334,0.08729166666666667,0.08989583333333334,0.09454166666666668,0.0940625,0.09118749999999999,0.08483333333333333,0.09097916666666667,0.08785416666666666,0.08518750000000001,0.08522916666666668,0.08370833333333333,0.07595833333333334,0.07375,0.07506249999999999,0.07602083333333333,0.08064583333333333,0.07754166666666666,0.073625,0.0670625,0.07579166666666666,0.06689583333333333,0.06964583333333334,0.072625,0.06979166666666667,0.066375,0.06985416666666668,0.06929166666666667
TX,Texas,PM10,62.0,71.3,64.3,69.0,69.0,74.7,51.7,97.0,86.0,67.7,68.0,57.3,67.7,66.3,67.0,74.0,94.0,96.7,78.7,67.3,54.3,63.3,86.0,58.0,80.0,77.7,50.3,69.7,88.3,47.3,85.0,78.7,67.3
TX,Texas,PM2.5,,,,,,,,,,,19.871153846153845,20.659615384615385,21.201923076923077,21.251923076923074,19.553846153846155,20.4,18.207692307692305,18.890384615384615,18.225,15.932692307692308,16.338461538461537,17.340384615384615,17.21153846153846,17.05,16.225,15.075,13.973076923076924,14.461538461538462,16.857692307692307,14.682692307692308,15.59423076923077,14.886538461538462,16.165384615384617
TX,Texas,SO2,106.875,100.625,88.75,93.3125,92.125,83.75,74.9375,83.5,69.75,69.875,79.0,62.3125,60.0625,62.5625,61.25,59.75,66.8125,47.625,37.375,37.0,37.0625,30.5625,23.4375,19.0,21.25,17.0625,15.3125,19.5625,19.4375,14.125,12.25,16.0625,14.5625
UT,Utah,O3,0.085,0.082,0.073,0.08,0.075,0.083,0.08600000000000001,0.079,0.079,0.079,0.09500000000000001,0.081,0.08900000000000001,0.079,0.067,0.09200000000000001,0.082,0.082,0.078,0.071,0.074,0.068,0.067,0.062,0.074,0.073,0.076,0.078,0.08,0.073,0.08,0.082,0.075
UT,Utah,PM10,127.0,238.0,209.0,209.0,104.0,103.0,141.0,115.0,75.0,91.0,89.0,101.0,105.0,118.0,111.0,77.0,90.0,112.0,177.0,162.0,108.0,70.0,67.0,136.0,62.0,67.0,60.0,82.0,85.0,53.0,90.0,100.0,82.0
UT,Utah,PM2.5,,,,,,,,,,,25.15,35.275000000000006,29.200000000000003,19.425,36.975,24.5,20.8,36.7,21.6,27.975,27.65,22.5,16.2,39.275,21.3,17.825,21.75,20.025,20.25,14.55,16.175,20.975,16.05
VT,Vermont,CO,4.0,4.0,3.6,3.0,4.1,4.6,3.6,3.3,2.4,2.3,2.5,2.2,2.3,1.9,1.8,1.8,1.4,1.7,1.8,1.5,1.2,1.7,1.5,1.3,0.9,1.4,0.7,0.7,0.9,1.0,0.8,0.6,0.8
VT,Vermont,NO2,14.0,14.0,12.0,13.0,15.0,13.0,13.0,12.0,13.0,12.0,11.0,13.0,13.0,13.0,12.0,12.0,10.0,10.0,10.0,8.0,8.0,8.0,7.0,7.0,7.0,8.0,7.0,6.0,7.0,7.0,6.0,6.0,6.0
VT,Vermont,O3,0.0755,0.08325,0.0765,0.0775,0.0765,0.075,0.0685,0.0745,0.0735,0.07925,0.0695,0.07775,0.0845,0.07375,0.07125000000000001,0.07,0.06575,0.077,0.07125,0.062,0.06425,0.05825,0.066,0.062,0.0595,0.06525,0.06175,0.06125,0.06275,0.0545,0.05525,0.0615,0.057
VT,Vermont,PM2.5,,,,,,,,,,,21.05,22.45,23.9,22.75,21.6,22.4,19.65,19.45,19.3,20.3,20.75,20.15,16.5,14.55,18.95,19.6,12.65,12.5,13.75,13.75,14.8,13.9,12.6
VT,Vermont,SO2,95.0,95.0,101.0,89.0,76.0,62.0,63.0,83.0,64.0,41.0,57.0,43.0,56.0,55.0,55.0,54.0,44.0,47.0,33.0,27.0,21.0,27.0,16.0,10.0,14.0,2.0,2.0,2.0,2.0,3.0,2.0,2.0,2.0
VA,Virginia,CO,4.5,4.3,3.8,4.9,4.1,4.6,4.0,2.4,2.3,3.8,2.7,2.7,2.6,2.5,2.2,1.6,2.3,1.5,1.1,1.3,1.7,1.4,1.4,1.0,1.1,1.7,1.6,1.2,1.2,1.3,1.0,1.4,1.2
VA,Virginia,NO2,50.71739130434783,47.43478260869565,47.52173913043478,47.28260869565217,45.19565217391305,44.34782608695652,43.32608695652174,43.08695652173913,44.82608695652174,44.67391304347826,41.08695652173913,41.0,39.608695652173914,41.82608695652174,39.73913043478261,37.391304347826086,33.43478260869565,33.02173913043478,28.652173913043477,28.652173913043477,30.41304347826087,27.304347826086957,26.434782608695652,26.043478260869566,27.304347826086957,26.869565217391305,25.934782608695652,24.043478260869566,23.543478260869566,25.152173913043477,21.32608695652174,22.695652173913043,23.434782608695652
VA,Virginia,O3,0.08111666666666667,0.08258333333333333,0.08045,0.09085000000000001,0.07980000000000001,0.08501666666666667,0.07735,0.08751666666666667,0.08923333333333333,0.09000000000000001,0.07943333333333333,0.08333333333333333,0.0921,0.07803333333333334,0.0727,0.07638333333333333,0.07596666666666667,0.07681666666666667,0.07495,0.06258333333333334,0.0737,0.07586666666666667,0.07345,0.06393333333333334,0.06301666666666667,0.06328333333333333,0.06543333333333333,0.06238333333333333,0.0635,0.0611,0.05458333333333333,0.0613,0.05931666666666667
VA,Virginia,PM10,54.0,56.0,39.0,52.0,48.0,46.0,45.0,52.0,48.0,46.0,43.0,41.0,50.0,33.0,39.0,37.0,38.0,45.0,36.0,28.0,32.0,28.0,28.0,19.0,17.0,23.0,24.0,20.0,20.0,25.0,18.0,18.0,18.0
VA,Virginia,PM2.5,,,,,,,,,,,23.777884615384615,23.78076923076923,23.427884615384617,23.482692307692307,21.78173076923077,22.841346153846153,22.08653846153846,20.950961538461538,21.871153846153845,15.009615384615385,16.31826923076923,17.271153846153847,14.695192307692308,13.490384615384615,12.914423076923075,13.250961538461537,11.442307692307692,10.8625,11.152884615384615,11.705769230769231,10.390384615384615,11.914423076923079,9.955769230769231
VA,Virginia,SO2,69.17391304347827,69.17391304347827,69.69565217391305,90.95652173913044,87.34782608695652,67.34782608695652,74.43478260869566,63.391304347826086,65.3913043478261,54.26086956521739,60.391304347826086,63.82608695652174,72.95652173913044,66.52173913043478,62.56521739130435,73.3913043478261,63.391304347826086,73.91304347826087,46.0,37.34782608695652,35.130434782608695,30.434782608695652,16.82608695652174,23.47826086956522,23.0,22.73913043478261,18.782608695652176,14.08695652173913,13.826086956521738,11.130434782608695,3.0,3.0,3.739130434782609
WA,Washington,CO,6.3,8.1,5.6,6.7,5.7,4.7,5.2,3.6,3.2,4.4,3.8,3.2,3.0,3.1,3.7,2.5,2.7,2.7,2.5,2.3,2.4,2.4,2.1,1.8,1.3,1.9,1.2,1.1,1.6,1.4,14.1,1.4,1.5
WA,Washington,O3,0.072875,0.06325,0.06862499999999999,0.06125,0.063625,0.0625,0.073125,0.059250000000000004,0.064875,0.0575,0.059250000000000004,0.058875,0.059875,0.068875,0.06325,0.05825,0.067125,0.058750000000000004,0.056375,0.06,0.054375,0.053625,0.058499999999999996,0.052125,0.054625,0.059875,0.054125,0.07,0.066375,0.05375,0.0555,0.061125,0.060375
WA,Washington,PM2.5,,,,,,,,,,,22.816666666666666,20.833333333333332,21.208333333333332,19.166666666666668,22.2,20.733333333333334,22.025000000000002,20.108333333333334,18.933333333333334,19.45,14.558333333333332,19.216666666666665,16.433333333333334,20.583333333333332,14.866666666666667,18.224999999999998,12.866666666666667,22.724999999999998,20.691666666666666,15.208333333333334,30.5,16.400000000000002,18.958333333333332
WV,West Virginia,CO,4.5,4.3,3.8,4.9,4.1,4.6,4.0,2.4,2.3,3.8,2.7,2.7,2.6,2.5,2.2,1.6,2.3,1.5,1.1,1.3,1.7,1.4,1.4,1.0,1.1,1.7,1.6,1.2,1.2,1.3,1.0,1.4,1.2
WV,West Virginia,NO2,57.5,52.0,53.0,52.5,49.5,48.0,47.5,47.0,49.0,49.5,45.0,44.0,43.0,46.0,43.0,40.0,35.0,35.5,31.0,31.0,32.5,29.0,28.0,28.0,29.0,30.0,27.5,26.0,25.5,27.5,22.5,24.0,25.0
WV,West Virginia,O3,0.08114285714285714,0.09128571428571429,0.07135714285714286,0.07821428571428571,0.08385714285714285,0.08985714285714286,0.08028571428571428,0.07971428571428572,0.09035714285714284,0.09342857142857143,0.07957142857142856,0.08521428571428571,0.08978571428571429,0.08042857142857142,0.06907142857142858,0.0805,0.07757142857142858,0.07935714285714286,0.07292857142857143,0.06335714285714286,0.07164285714285713,0.07264285714285713,0.07492857142857143,0.06385714285714286,0.06492857142857143,0.06707142857142857,0.06614285714285714,0.0615,0.06435714285714286,0.05964285714285714,0.05728571428571429,0.0605,0.05957142857142857
WV,West Virginia,PM10,79.10000000000001,75.83333333333333,73.89999999999999,78.56666666666666,87.06666666666666,86.5,83.73333333333333,83.0,82.76666666666667,70.39999999999999,65.26666666666667,61.4,65.0,65.5,73.23333333333333,68.26666666666667,66.56666666666666,78.5,67.5,44.4,68.43333333333334,51.26666666666667,65.33333333333333,53.4,34.266666666666666,45.73333333333333,41.766666666666666,31.666666666666668,37.93333333333333,36.166666666666664,32.9,39.1,43.0
WV,West Virginia,PM2.5,,,,,,,,,,,26.07857142857143,28.469047619047622,27.926190476190477,24.63095238095238,24.916666666666668,26.109523809523807,23.976190476190474,25.861904761904764,21.19047619047619,17.75952380952381,19.84047619047619,18.44047619047619,16.01904761904762,15.252380952380953,14.957142857142859,15.99047619047619,12.619047619047619,12.638095238095238,12.75,12.535714285714286,11.447619047619048,14.378571428571428,12.17142857142857
WV,West Virginia,SO2,213.45454545454547,226.1818181818182,229.27272727272728,226.8181818181818,221.1818181818182,163.8181818181818,162.1818181818182,185.1818181818182,213.0,207.0909090909091,147.0,145.27272727272728,137.0,130.54545454545453,140.8181818181818,127.27272727272727,113.9090909090909,123.0,109.54545454545455,91.27272727272727,65.72727272727273,58.45454545454545,30.727272727272727,25.818181818181817,26.181818181818183,26.454545454545453,16.0,12.818181818181818,16.09090909090909,15.181818181818182,13.818181818181818,14.545454545454545,13.0
WI,Wisconsin,CO,5.4,4.6,4.6,4.1,5.7,3.5,3.0,3.2,3.9,2.9,2.7,2.9,3.1,2.3,1.8,1.8,2.4,1.4,0.8,1.9,1.8,1.0,1.1,0.6,0.9,0.9,1.0,1.0,3.9,1.4,1.1,1.6,1.2
WI,Wisconsin,O3,0.08183333333333333,0.08850000000000001,0.07941666666666666,0.069,0.07758333333333334,0.09075,0.08158333333333333,0.07833333333333334,0.08158333333333333,0.08650000000000001,0.07458333333333333,0.08316666666666667,0.08441666666666665,0.08141666666666666,0.06766666666666667,0.0825,0.06899999999999999,0.07808333333333334,0.064,0.06541666666666666,0.06841666666666667,0.06916666666666667,0.07966666666666666,0.06716666666666667,0.06858333333333333,0.06533333333333334,0.06916666666666667,0.06608333333333333,0.06841666666666667,0.06158333333333333,0.06874999999999999,0.06791666666666667,0.06508333333333334
WI,Wisconsin,PM10,51.0,47.0,38.0,34.0,39.5,42.5,49.0,42.5,62.5,59.5,48.0,40.0,44.0,52.5,54.5,43.5,44.0,48.0,42.5,39.5,44.0,49.0,37.0,46.0,59.0,49.5,39.5,46.0,59.5,52.0,59.5,50.0,46.5
WI,Wisconsin,PM2.5,,,,,,,,,,,22.311764705882354,23.147058823529413,20.802941176470586,20.358823529411765,20.74705882352941,24.852941176470587,22.226470588235294,22.647058823529413,20.841176470588238,22.53529411764706,20.764705882352942,17.576470588235296,16.849999999999998,15.126470588235293,16.28235294117647,14.68235294117647,13.017647058823528,12.520588235294117,14.18235294117647,15.067647058823528,13.491176470588234,17.599999999999998,13.929411764705883
WI,Wisconsin,SO2,104.4,134.0,118.2,75.4,70.2,70.4,70.0,75.6,51.0,50.2,63.4,48.6,42.8,40.4,37.8,54.4,48.0,52.6,53.6,44.6,47.4,46.8,46.4,49.6,50.6,43.8,9.4,8.2,8.8,5.4,5.6,4.6,4.8
WY,Wyoming,O3,0.045,0.047,0.042,0.047,0.042,0.047,0.046,0.048,0.044,0.042,0.043,0.051,0.044,0.049,0.048,0.038,0.047,0.042,0.044,0.049,0.048,0.065,0.071,0.069,0.065,0.064,0.064,0.066,0.07,0.065,0.066,0.072,0.067
WY,Wyoming,PM10,55.26666666666667,61.666666666666664,52.5,42.9,47.0,36.93333333333333,31.066666666666666,35.0,40.5,35.56666666666667,51.4,46.833333333333336,56.0,49.4,48.333333333333336,46.06666666666666,57.166666666666664,57.73333333333333,50.06666666666666,52.1,45.26666666666667,47.73333333333333,58.833333333333336,46.666666666666664,42.43333333333333,49.43333333333334,36.9,59.93333333333334,42.0,36.0,63.93333333333334,64.10000000000001,59.73333333333333
WY,Wyoming,PM2.5,,,,,,,,,,,22.425,23.4,20.175,17.55,24.65,20.05,16.1,17.475,15.7,18.174999999999997,19.25,17.125,15.025,15.125,14.55,14.675,14.675,16.775,14.375,14.25,21.174999999999997,18.25,14.075
