State,Year,Median age years,Percent Male,Percent White,Percent BA or higher,Percent unemployed,Per capita income dollars
AL,2000,36.0,47.9,71.65,20.0,6.4,40778.0
AK,2000,32.6,51.14,70.65,26.0,7.8,59060.0
AZ,2000,34.3,49.5,78.67,22.5,6.3,45840.0
AR,2000,36.3,48.51,80.05,16.7,6.4,39592.0
CA,2000,33.3,49.46,67.87,27.5,6.1,53096.0
CO,2000,34.6,49.84,85.46,32.9,4.1,55669.0
CT,2000,37.5,48.28,83.75,33.3,4.3,65348.0
DE,2000,36.5,48.46,76.18,25.3,4.3,55317.0
DC,2000,35.4,46.6,30.06,41.0,7.8,45887.0
FL,2000,38.8,48.42,79.07,23.2,5.2,45326.0
GA,2000,33.4,48.56,66.1,23.0,4.8,47020.0
HI,2000,36.6,49.73,24.57,27.5,6.1,59192.0
ID,2000,33.9,49.58,92.92,20.9,5.9,44022.0
IL,2000,34.7,48.79,75.07,26.9,5.6,55379.0
IN,2000,35.4,48.88,87.38,19.8,4.1,49130.0
IA,2000,36.7,49.25,94.03,22.1,4.1,47043.0
KS,2000,35.5,49.33,87.36,26.7,3.5,49308.0
KY,2000,36.0,48.67,90.53,17.1,5.8,40338.0
LA,2000,34.1,48.15,64.71,19.2,7.3,38491.0
ME,2000,39.2,48.82,97.27,22.9,4.2,45911.0
MD,2000,36.3,48.02,64.38,31.5,5.0,62513.0
MA,2000,36.8,48.22,85.92,35.0,3.4,61552.0
MI,2000,35.5,48.85,80.72,22.9,5.4,52794.0
MN,2000,35.4,49.61,89.38,27.7,3.6,57394.0
MS,2000,34.1,47.82,61.63,18.6,7.5,40167.0
MO,2000,36.1,48.41,85.4,22.9,4.9,45127.0
MT,2000,37.6,49.72,90.91,25.2,5.3,41184.0
NE,2000,35.5,49.13,90.69,24.8,3.3,46703.0
NV,2000,35.2,50.66,79.17,18.2,6.0,49324.0
NH,2000,37.5,49.22,96.14,30.3,3.3,60514.0
NJ,2000,36.9,48.49,74.81,31.0,5.2,65499.0
NM,2000,34.7,48.6,69.95,24.4,7.5,40016.0
NY,2000,36.0,47.9,69.71,28.1,5.6,52331.0
NC,2000,35.7,48.66,72.93,22.0,5.0,44597.0
ND,2000,36.4,49.69,92.25,22.9,4.4,42968.0
OH,2000,36.3,48.47,85.53,20.5,5.0,48943.0
OK,2000,35.6,48.68,75.69,20.2,5.9,40852.0
OR,2000,36.4,49.15,89.19,25.7,6.6,46347.0
PA,2000,38.1,48.23,86.19,22.7,5.3,48412.0
RI,2000,37.1,48.18,85.06,25.4,4.5,54103.0
SC,2000,35.8,48.25,67.74,23.2,5.2,43848.0
SD,2000,35.8,49.6,94.04,23.5,3.4,44673.0
TN,2000,35.9,48.59,80.68,20.8,5.8,44412.0
TX,2000,32.4,49.22,75.54,23.5,5.7,45591.0
UT,2000,27.3,49.83,91.02,26.6,6.1,51290.0
VT,2000,38.3,49.08,97.13,28.3,3.4,48073.0
VA,2000,36.0,48.43,73.44,30.1,4.2,55057.0
WA,2000,35.6,49.42,81.7,29.4,5.5,54637.0
WV,2000,39.2,48.59,95.33,14.3,6.5,35029.0
WI,2000,36.2,49.3,88.64,22.6,4.4,52195.0
WY,2000,36.6,50.14,92.41,24.2,4.7,46982.0
AL,2001,36.2,48.16,71.33,19.4,7.6,18368.0
AK,2001,32.6,51.19,69.37,25.8,6.9,24327.0
AZ,2001,33.7,49.3,76.19,23.3,6.8,20215.0
AR,2001,36.2,48.4,80.78,18.0,6.7,17190.0
CA,2001,33.0,49.44,66.28,28.2,6.9,23724.0
CO,2001,34.4,49.88,85.18,33.8,5.1,24637.0
CT,2001,38.4,48.49,83.17,32.8,5.2,30153.0
DE,2001,36.5,48.32,75.82,24.9,4.5,23776.0
DC,2001,35.5,46.98,29.29,42.3,7.8,30926.0
FL,2001,38.8,48.55,78.59,23.9,6.3,21515.0
GA,2001,33.3,48.82,66.18,24.7,5.8,21397.0
HI,2001,36.7,49.72,24.67,26.6,6.0,22432.0
ID,2001,33.6,49.51,92.11,22.4,6.7,17438.0
IL,2001,35.4,48.7,74.68,27.7,7.2,24277.0
IN,2001,36.3,48.98,87.86,20.3,5.9,21172.0
IA,2001,37.1,49.11,93.89,22.6,4.9,20236.0
KS,2001,36.4,49.19,86.49,27.1,4.5,21110.0
KY,2001,36.3,48.62,89.99,18.1,6.7,18109.0
LA,2001,34.1,48.08,63.98,19.3,8.1,17369.0
ME,2001,40.1,48.75,96.93,22.4,5.0,20563.0
MD,2001,36.2,48.13,63.55,32.8,5.3,27075.0
MA,2001,37.6,48.09,85.62,35.6,5.0,28842.0
MI,2001,36.3,48.8,80.49,23.2,6.8,22959.0
MN,2001,36.4,49.48,89.45,28.3,4.2,24717.0
MS,2001,34.1,47.93,61.4,18.9,8.6,16449.0
MO,2001,36.6,48.53,84.9,23.0,5.4,20663.0
MT,2001,38.4,49.83,90.34,25.1,5.7,17270.0
NE,2001,35.8,49.38,90.14,25.0,4.3,20703.0
NV,2001,34.9,50.43,79.18,18.7,5.8,22348.0
NH,2001,38.1,49.38,96.14,29.0,3.3,25632.0
NJ,2001,37.7,48.18,74.12,31.8,6.2,29191.0
NM,2001,35.2,49.04,66.49,23.7,7.2,17801.0
NY,2001,36.3,47.96,69.43,27.9,6.4,24845.0
NC,2001,35.5,48.67,72.48,22.8,6.6,20087.0
ND,2001,38.0,49.78,92.19,23.3,3.7,19649.0
OH,2001,37.1,48.46,85.36,21.7,5.9,21661.0
OK,2001,36.1,48.89,75.95,20.4,5.0,18304.0
OR,2001,36.4,49.38,87.86,25.4,7.5,21566.0
PA,2001,38.8,48.24,85.71,23.2,5.6,22048.0
RI,2001,37.5,48.1,85.67,27.4,5.9,23267.0
SC,2001,36.1,48.21,67.17,22.8,6.3,20529.0
SD,2001,37.0,49.38,93.08,23.7,3.7,19683.0
TN,2001,36.3,48.6,80.55,20.4,6.4,19837.0
TX,2001,32.3,49.16,71.96,24.2,6.0,20264.0
UT,2001,27.2,50.02,90.86,25.3,6.0,18620.0
VT,2001,39.4,49.02,96.95,29.9,4.1,22293.0
VA,2001,36.1,48.55,73.02,31.3,4.6,25432.0
WA,2001,35.7,49.61,81.35,29.5,6.9,23516.0
WV,2001,39.4,48.61,95.46,15.4,7.1,16797.0
WI,2001,36.8,49.37,89.04,23.2,5.7,22117.0
WY,2001,36.8,49.85,92.69,23.4,5.1,20423.0
AL,2002,36.4,48.22,71.04,20.6,7.7,18938.0
AK,2002,34.2,51.12,69.25,28.0,9.6,24830.0
AZ,2002,34.2,49.69,74.91,23.2,8.1,20663.0
AR,2002,36.7,48.47,80.05,19.7,7.3,18048.0
CA,2002,33.6,49.47,63.29,28.5,8.1,24026.0
CO,2002,34.7,49.99,82.9,33.5,7.0,24819.0
CT,2002,38.1,48.14,81.92,32.9,6.2,30187.0
DE,2002,36.9,48.4,75.2,25.1,6.2,24930.0
DC,2002,35.9,46.87,29.28,42.5,10.1,34212.0
FL,2002,39.3,48.52,77.56,24.1,7.1,22175.0
GA,2002,33.7,48.67,65.23,24.4,6.6,21964.0
HI,2002,37.4,49.55,24.5,27.9,6.2,22579.0
ID,2002,33.8,50.31,91.61,22.6,6.8,18388.0
IL,2002,35.1,48.89,74.7,28.1,8.8,24356.0
IN,2002,35.6,49.16,87.43,20.6,6.9,20758.0
IA,2002,37.9,49.13,93.38,22.2,5.5,20032.0
KS,2002,35.8,49.04,85.9,26.7,6.4,21045.0
KY,2002,37.2,48.64,89.94,18.8,7.3,19395.0
LA,2002,34.6,47.85,63.68,20.4,8.2,18114.0
ME,2002,40.0,48.49,96.87,24.0,6.8,21150.0
MD,2002,36.6,48.17,64.65,33.1,6.3,27863.0
MA,2002,37.5,48.15,84.42,35.5,6.9,28956.0
MI,2002,36.2,48.79,80.22,23.6,8.7,22228.0
MN,2002,36.2,49.62,88.56,29.8,5.8,24848.0
MS,2002,34.4,47.91,60.82,17.7,9.9,16398.0
MO,2002,36.8,48.29,84.79,23.9,6.0,21132.0
MT,2002,39.3,49.6,90.18,24.8,5.8,18932.0
NE,2002,35.8,49.22,89.68,24.8,4.9,20484.0
NV,2002,35.0,50.7,77.83,18.6,7.8,22419.0
NH,2002,38.2,49.33,95.83,30.2,5.0,27129.0
NJ,2002,37.6,48.45,72.28,31.6,7.4,29198.0
NM,2002,35.7,49.22,69.78,25.9,8.2,19230.0
NY,2002,36.5,48.05,68.56,29.3,7.8,25037.0
NC,2002,35.8,48.8,71.89,23.4,8.5,20626.0
ND,2002,37.4,49.58,91.88,23.8,4.4,19849.0
OH,2002,36.5,48.51,85.0,21.9,7.6,21658.0
OK,2002,36.1,48.58,76.54,20.7,6.5,18636.0
OR,2002,36.8,49.58,86.71,25.9,8.7,21412.0
PA,2002,38.9,48.23,85.33,23.6,7.0,22197.0
RI,2002,37.9,47.99,84.74,26.7,6.1,24484.0
SC,2002,36.5,48.16,67.09,22.7,7.9,20870.0
SD,2002,36.6,49.47,94.31,23.6,3.6,19454.0
TN,2002,36.8,48.49,80.05,21.0,6.6,20337.0
TX,2002,32.8,49.33,73.05,24.5,7.7,20808.0
UT,2002,28.1,49.98,90.19,27.3,6.6,18735.0
VT,2002,39.4,48.94,96.53,30.8,4.5,22371.0
VA,2002,36.5,48.58,72.68,31.7,5.6,25689.0
WA,2002,36.1,49.66,80.87,29.7,9.0,23830.0
WV,2002,40.0,48.25,95.17,16.1,7.1,17423.0
WI,2002,37.0,49.53,88.52,23.2,7.0,22061.0
WY,2002,37.8,50.26,92.16,23.4,5.8,22096.0
AL,2003,36.9,48.05,71.11,21.2,8.7,19003.0
AK,2003,33.2,51.09,69.55,26.6,10.8,24361.0
AZ,2003,33.9,49.65,76.78,24.3,7.8,20939.0
AR,2003,36.3,48.87,79.33,19.0,7.5,18556.0
CA,2003,34.1,49.56,66.22,29.1,8.5,24420.0
CO,2003,34.5,50.26,83.76,34.7,6.9,26175.0
CT,2003,38.5,48.5,81.48,34.6,7.0,31474.0
DE,2003,37.1,48.49,75.47,27.6,6.2,25553.0
DC,2003,35.7,46.88,30.49,44.2,11.2,32840.0
FL,2003,39.1,48.6,77.13,25.0,7.2,22532.0
GA,2003,33.8,49.02,66.15,25.7,7.4,22265.0
HI,2003,37.9,49.69,24.28,28.2,6.4,23106.0
ID,2003,34.0,49.71,92.35,24.0,6.9,18809.0
IL,2003,35.3,48.94,74.48,28.1,8.5,24694.0
IN,2003,35.7,48.85,87.18,21.0,7.8,21063.0
IA,2003,37.8,49.37,93.69,22.5,5.3,21129.0
KS,2003,35.6,49.34,86.47,28.7,6.3,22089.0
KY,2003,36.6,48.87,89.93,18.6,7.5,18587.0
LA,2003,34.7,48.15,64.02,21.3,8.5,18388.0
ME,2003,40.2,48.72,96.97,25.9,6.0,21543.0
MD,2003,36.9,48.0,64.21,34.5,6.4,28882.0
MA,2003,37.6,48.25,84.36,35.8,7.4,28509.0
MI,2003,36.6,48.73,80.28,24.3,9.0,23167.0
MN,2003,36.2,49.5,88.65,30.6,5.5,25579.0
MS,2003,34.6,48.05,60.99,18.7,9.5,17215.0
MO,2003,36.8,48.69,84.96,24.1,6.7,21473.0
MT,2003,39.0,49.57,90.05,25.8,5.9,18980.0
NE,2003,35.8,49.4,89.03,25.3,5.2,21285.0
NV,2003,35.1,50.44,77.2,19.5,7.6,22830.0
NH,2003,38.8,49.42,95.49,30.3,6.0,26467.0
NJ,2003,37.5,48.43,72.28,32.1,7.7,29094.0
NM,2003,35.6,48.9,70.19,23.7,7.8,18353.0
NY,2003,37.1,48.13,68.78,29.7,7.5,25854.0
NC,2003,35.8,48.67,71.9,24.3,8.5,20646.0
ND,2003,37.9,49.81,92.17,25.0,4.2,20320.0
OH,2003,37.2,48.56,84.92,23.0,7.9,21643.0
OK,2003,36.0,48.84,76.11,21.9,7.2,18726.0
OR,2003,36.8,49.32,87.78,26.4,8.7,21986.0
PA,2003,39.1,48.34,85.12,24.2,7.2,22427.0
RI,2003,38.1,48.15,85.16,29.1,6.7,24669.0
SC,2003,36.6,48.18,66.89,23.2,8.5,20734.0
SD,2003,36.4,49.37,94.54,23.1,4.5,19343.0
TN,2003,36.9,48.71,79.87,21.5,6.9,20792.0
TX,2003,32.7,49.38,73.01,24.5,7.9,20798.0
UT,2003,27.7,50.17,90.26,26.2,7.3,18905.0
VT,2003,40.1,49.19,96.53,32.0,5.3,22743.0
VA,2003,36.9,48.81,72.66,32.2,5.7,26362.0
WA,2003,36.2,49.56,81.26,30.2,9.5,24914.0
WV,2003,40.0,48.72,95.12,17.0,8.4,17325.0
WI,2003,37.1,49.3,88.27,23.8,6.9,22178.0
WY,2003,38.0,50.03,92.63,23.7,5.5,22045.0
AL,2004,37.0,48.07,71.07,21.9,7.1,20476.0
AK,2004,33.4,50.8,68.97,27.2,9.4,25466.0
AZ,2004,34.1,49.57,77.37,24.7,6.7,22105.0
AR,2004,36.6,48.95,79.38,18.1,7.8,18704.0
CA,2004,34.2,49.55,63.04,29.4,7.6,25411.0
CO,2004,34.5,50.19,83.48,33.7,7.1,25945.0
CT,2004,38.9,48.7,80.09,34.6,6.4,32884.0
DE,2004,37.5,48.7,74.51,28.1,7.0,26440.0
DC,2004,35.8,46.96,33.14,47.7,8.9,36893.0
FL,2004,39.3,48.59,77.5,25.4,7.1,23532.0
GA,2004,34.0,49.05,63.62,25.6,7.3,22791.0
HI,2004,38.0,49.45,25.22,29.1,5.3,24542.0
ID,2004,34.3,49.78,92.25,23.8,6.1,19269.0
IL,2004,35.4,48.93,74.84,29.1,8.1,25145.0
IN,2004,35.7,49.11,86.81,21.5,6.9,21696.0
IA,2004,38.0,49.21,93.84,23.9,5.8,21948.0
KS,2004,36.1,49.42,87.06,28.3,5.2,22594.0
KY,2004,37.3,48.69,90.26,19.0,7.3,19887.0
LA,2004,35.2,48.03,63.9,21.5,8.0,19643.0
ME,2004,40.7,48.68,96.32,26.1,5.1,22896.0
MD,2004,36.8,48.24,63.28,34.8,6.1,29636.0
MA,2004,38.1,48.36,84.04,37.4,6.1,30285.0
MI,2004,36.6,48.76,79.99,24.6,9.0,23594.0
MN,2004,36.6,49.61,88.09,29.7,5.8,26097.0
MS,2004,34.9,47.97,61.05,18.9,9.3,17922.0
MO,2004,37.3,48.54,84.83,24.3,6.1,22303.0
MT,2004,39.6,49.83,90.27,27.5,5.8,19565.0
NE,2004,36.0,49.65,88.78,26.6,5.1,21835.0
NV,2004,35.1,50.63,77.59,19.3,6.7,23938.0
NH,2004,39.2,49.55,95.69,32.1,4.5,27407.0
NJ,2004,37.8,48.33,70.6,33.3,7.2,30485.0
NM,2004,35.8,48.9,70.74,23.6,7.6,20234.0
NY,2004,37.3,48.08,67.82,30.5,7.3,26844.0
NC,2004,36.0,48.6,72.6,24.6,7.6,21626.0
ND,2004,38.8,49.67,91.71,24.0,4.5,21180.0
OH,2004,37.5,48.64,84.62,23.3,7.9,22632.0
OK,2004,36.5,49.3,75.33,22.2,7.1,19672.0
OR,2004,37.0,49.52,87.43,27.7,8.1,22230.0
PA,2004,39.3,48.24,84.8,24.7,6.8,23511.0
RI,2004,38.1,48.16,83.81,28.1,6.6,25087.0
SC,2004,36.9,48.45,67.96,24.6,7.5,21879.0
SD,2004,37.0,49.64,94.01,23.2,4.2,20765.0
TN,2004,37.0,48.58,80.02,22.2,7.1,21326.0
TX,2004,32.9,49.31,73.95,25.6,8.1,21691.0
UT,2004,28.0,50.08,90.83,28.0,6.7,19584.0
VT,2004,40.4,49.24,96.64,32.0,4.7,24697.0
VA,2004,36.9,48.82,72.65,32.7,5.5,27820.0
WA,2004,36.4,49.57,80.97,31.3,8.3,25212.0
WV,2004,40.3,48.79,95.03,16.3,6.8,18025.0
WI,2004,37.5,49.44,88.1,24.1,6.9,23350.0
WY,2004,38.4,50.1,92.5,24.8,4.8,24036.0
AL,2005,37.4,48.24,70.99,21.4,7.2,21168.0
AK,2005,33.9,50.75,69.17,27.3,8.6,26310.0
AZ,2005,34.5,49.79,76.17,25.6,6.3,23365.0
AR,2005,37.0,48.67,79.03,18.9,6.9,19325.0
CA,2005,34.4,49.6,60.92,29.5,7.2,26800.0
CO,2005,34.7,50.05,83.49,35.5,6.2,27081.0
CT,2005,39.3,48.48,81.19,34.9,6.3,33949.0
DE,2005,37.9,48.48,73.57,27.6,5.6,27650.0
DC,2005,35.9,47.09,32.38,45.3,9.1,37569.0
FL,2005,39.5,48.71,76.75,25.1,6.3,24611.0
GA,2005,34.3,49.0,62.54,27.1,7.4,23982.0
HI,2005,38.5,49.39,24.95,27.9,4.4,25326.0
ID,2005,34.6,49.81,91.81,23.3,5.8,20350.0
IL,2005,35.6,48.96,72.23,29.2,7.9,26307.0
IN,2005,36.1,49.1,86.12,21.3,6.9,22519.0
IA,2005,38.6,49.23,93.48,23.8,5.1,23340.0
KS,2005,36.1,49.42,85.24,28.2,5.5,23338.0
KY,2005,37.5,48.92,89.85,19.3,7.5,20551.0
LA,2005,35.4,48.24,63.68,20.6,9.0,20332.0
ME,2005,41.2,48.8,96.56,25.6,5.7,23606.0
MD,2005,37.1,48.16,61.46,34.5,5.7,31109.0
MA,2005,38.2,48.49,83.4,36.9,6.4,31007.0
MI,2005,36.9,48.9,79.98,24.7,8.9,24379.0
MN,2005,36.7,49.64,87.98,30.7,5.5,27248.0
MS,2005,35.5,48.09,60.78,18.7,9.3,17971.0
MO,2005,37.4,48.77,84.52,24.0,6.7,23026.0
MT,2005,40.2,49.68,90.56,26.5,5.3,21765.0
NE,2005,36.2,49.5,89.6,27.3,4.9,22885.0
NV,2005,35.2,50.56,76.07,20.6,5.8,25077.0
NH,2005,39.5,49.39,95.45,31.8,4.8,28201.0
NJ,2005,38.0,48.56,69.88,34.2,6.3,31471.0
NM,2005,36.2,48.82,69.51,25.1,7.3,20798.0
NY,2005,37.5,48.21,67.05,31.3,7.0,28158.0
NC,2005,36.2,48.89,71.4,25.1,7.1,22519.0
ND,2005,39.1,49.81,91.52,25.5,3.8,23129.0
OH,2005,37.6,48.62,84.33,23.3,7.4,23322.0
OK,2005,36.5,48.95,75.42,22.4,6.6,20709.0
OR,2005,37.0,49.45,86.79,27.7,7.5,23785.0
PA,2005,39.7,48.41,84.58,25.7,6.7,24591.0
RI,2005,38.4,48.21,82.92,29.3,6.1,27217.0
SC,2005,37.1,48.28,67.44,23.0,8.0,21536.0
SD,2005,37.0,49.44,87.95,24.7,4.9,21938.0
TN,2005,37.3,48.84,79.61,21.8,7.1,22090.0
TX,2005,33.2,49.38,71.94,25.1,7.6,22216.0
UT,2005,28.5,50.07,89.76,27.9,5.3,20814.0
VT,2005,40.7,49.13,96.61,32.5,5.3,25469.0
VA,2005,37.2,48.75,71.72,33.2,5.2,29148.0
WA,2005,36.7,49.67,81.15,30.1,7.2,26662.0
WV,2005,40.7,48.88,94.96,16.9,7.2,19214.0
WI,2005,37.9,49.37,88.07,25.0,6.2,24761.0
WY,2005,39.1,49.93,92.42,23.2,5.3,23936.0
PR,2005,34.4,47.74,76.4,,15.2,9693.0
AL,2006,37.2,48.5,70.41,21.1,6.9,21270.0
AK,2006,33.5,51.45,68.68,26.9,9.4,26919.0
AZ,2006,34.6,50.04,76.89,25.5,4.9,24110.0
AR,2006,37.1,49.01,78.56,18.2,7.0,19758.0
CA,2006,34.4,49.99,59.82,29.0,6.6,26974.0
CO,2006,35.4,50.35,82.78,34.3,5.5,27750.0
CT,2006,39.1,48.67,79.9,33.7,6.2,34048.0
DE,2006,37.5,48.46,72.13,27.0,5.9,26812.0
DC,2006,35.0,46.88,34.46,45.9,8.5,37043.0
FL,2006,39.8,49.08,76.1,25.3,5.5,25297.0
GA,2006,34.6,49.27,62.12,26.6,6.9,23716.0
HI,2006,37.2,50.03,26.25,29.7,4.4,27251.0
ID,2006,34.3,50.19,92.54,23.3,5.3,21000.0
IL,2006,35.7,49.21,70.72,28.9,7.2,26514.0
IN,2006,36.3,49.17,85.97,21.7,6.9,22781.0
IA,2006,37.8,49.31,92.97,24.0,4.9,23115.0
KS,2006,36.3,49.62,85.42,28.6,5.3,23818.0
KY,2006,37.3,48.95,89.46,20.0,6.9,21112.0
LA,2006,35.6,48.48,64.37,20.3,7.8,20367.0
ME,2006,41.0,48.82,95.76,25.8,5.3,23226.0
MD,2006,37.3,48.36,61.28,35.1,5.3,31888.0
MA,2006,38.3,48.41,82.79,37.0,5.8,30686.0
MI,2006,37.3,49.22,79.51,24.5,9.5,24097.0
MN,2006,36.8,49.7,87.84,30.4,5.2,27591.0
MS,2006,35.4,48.51,60.1,18.8,8.9,18165.0
MO,2006,37.2,48.81,83.96,24.3,6.3,22916.0
MT,2006,39.5,49.88,89.68,27.4,4.8,21067.0
NE,2006,36.0,49.58,88.61,26.9,4.8,23248.0
NV,2006,35.6,50.99,73.65,20.8,5.2,26340.0
NH,2006,39.3,49.23,95.08,31.9,4.5,28828.0
NJ,2006,38.2,48.83,69.61,33.4,6.3,31877.0
NM,2006,35.2,49.31,67.83,25.3,6.4,20913.0
NY,2006,37.4,48.43,66.38,31.2,6.5,28024.0
NC,2006,36.6,49.04,70.28,24.8,6.6,22945.0
ND,2006,37.1,49.89,91.04,25.6,3.3,22619.0
OH,2006,37.6,48.72,84.04,23.0,7.1,23543.0
OK,2006,36.2,49.26,75.38,22.1,6.0,20935.0
OR,2006,37.6,49.54,86.1,27.5,6.3,24418.0
PA,2006,39.6,48.58,83.84,25.4,6.2,24694.0
RI,2006,38.4,48.21,82.65,29.6,5.9,25937.0
SC,2006,37.1,48.66,67.3,22.7,7.4,21875.0
SD,2006,37.3,50.18,87.19,24.8,4.3,22066.0
TN,2006,37.2,48.85,79.18,21.7,7.4,22074.0
TX,2006,33.1,49.79,69.79,24.7,7.0,22501.0
UT,2006,28.4,50.29,89.08,28.6,4.4,21016.0
VT,2006,40.6,49.14,96.25,32.4,4.8,25016.0
VA,2006,36.9,49.16,70.83,32.7,4.7,29899.0
WA,2006,36.7,49.79,80.49,30.5,6.4,27346.0
WV,2006,40.7,49.0,94.65,16.5,6.8,19417.0
WI,2006,37.6,49.65,87.46,25.1,5.5,24875.0
WY,2006,37.5,50.33,91.83,22.7,3.5,24544.0
PR,2006,34.7,48.04,75.43,,15.7,9474.0
AL,2007,37.3,48.4,71.2,21.4,4.0,22366.0
AK,2007,33.3,52.3,73.1,26.0,6.0,28891.0
AZ,2007,34.9,50.1,78.3,25.3,3.6,24811.0
AR,2007,37.0,48.9,79.9,19.3,4.3,20708.0
CA,2007,34.7,50.0,62.4,29.5,4.2,28678.0
CO,2007,35.7,50.4,85.8,35.0,3.8,29133.0
CT,2007,39.1,48.7,81.2,34.7,4.1,35904.0
DE,2007,37.8,48.4,73.8,26.1,3.6,27853.0
DC,2007,34.9,47.1,36.3,47.5,5.3,40379.0
FL,2007,40.0,49.1,77.6,25.8,3.8,26696.0
GA,2007,34.8,49.2,62.8,27.1,4.6,24928.0
HI,2007,38.1,50.3,34.3,29.2,2.8,28287.0
ID,2007,34.3,50.2,94.5,24.5,3.4,23105.0
IL,2007,35.9,49.3,71.6,29.5,4.8,27965.0
IN,2007,36.5,49.3,87.2,22.1,4.3,23805.0
IA,2007,38.0,49.3,93.9,24.3,3.3,24566.0
KS,2007,36.3,49.5,87.8,28.8,3.5,25197.0
KY,2007,37.4,48.9,90.3,20.0,4.0,21951.0
LA,2007,35.7,48.6,65.0,20.4,3.9,21934.0
ME,2007,41.7,48.7,97.0,26.7,3.9,24977.0
MD,2007,37.4,48.3,61.8,35.2,3.8,33743.0
MA,2007,38.5,48.5,84.2,37.9,4.1,32822.0
MI,2007,37.6,49.2,81.0,24.7,6.1,24816.0
MN,2007,37.1,49.8,89.6,31.0,3.8,29027.0
MS,2007,35.4,48.4,60.3,18.9,5.5,19365.0
MO,2007,37.5,48.7,85.5,24.5,4.1,23915.0
MT,2007,39.1,50.0,91.8,27.0,3.4,22937.0
NE,2007,36.1,49.5,91.0,27.5,3.2,24174.0
NV,2007,35.7,50.8,76.2,21.8,3.8,27729.0
NH,2007,39.8,49.2,96.0,32.5,3.5,30517.0
NJ,2007,38.4,49.0,70.7,33.9,3.9,33832.0
NM,2007,36.0,49.6,71.0,24.8,3.4,21822.0
NY,2007,37.7,48.5,67.3,31.7,3.9,29885.0
NC,2007,36.8,48.8,71.1,25.6,4.4,24307.0
ND,2007,37.1,50.5,92.3,25.7,2.4,24127.0
OH,2007,37.8,48.7,85.4,24.1,4.6,24581.0
OK,2007,36.1,49.6,79.9,22.8,3.3,22540.0
OR,2007,37.9,49.6,88.8,28.3,4.2,25501.0
PA,2007,39.7,48.7,84.9,25.8,3.7,26228.0
RI,2007,38.3,48.3,84.6,29.8,4.1,27777.0
SC,2007,37.4,48.5,68.2,23.5,4.2,23137.0
SD,2007,37.1,50.0,89.0,25.0,2.9,22252.0
TN,2007,37.5,48.8,80.1,21.8,4.4,23418.0
TX,2007,33.2,49.8,71.6,25.2,3.8,23938.0
UT,2007,28.4,50.5,91.9,28.7,2.7,22603.0
VT,2007,40.6,49.1,97.7,33.6,3.5,26735.0
VA,2007,37.0,49.1,71.8,33.6,3.2,31177.0
WA,2007,37.1,49.9,83.7,30.3,3.9,29027.0
WV,2007,40.4,49.1,95.5,17.3,3.4,20419.0
WI,2007,38.0,49.7,88.5,25.4,3.9,25993.0
WY,2007,36.9,51.0,94.3,23.4,2.6,27687.0
PR,2007,35.4,48.0,79.7,,7.4,9639.0
AL,2008,37.4,48.5,70.3,22.0,4.2,23336.0
AK,2008,33.0,52.1,69.1,27.3,5.4,31175.0
AZ,2008,35.1,50.1,80.1,25.1,3.8,25415.0
AR,2008,37.3,49.0,78.7,18.8,4.0,21123.0
CA,2008,34.9,50.0,62.5,29.6,4.9,29388.0
CO,2008,35.8,50.4,84.7,35.6,3.4,30471.0
CT,2008,39.3,48.8,80.1,35.6,4.4,37393.0
DE,2008,38.3,48.4,72.7,27.5,4.3,29417.0
DC,2008,34.9,47.3,37.5,48.2,5.2,42069.0
FL,2008,40.3,49.1,77.6,25.8,4.6,26694.0
GA,2008,35.0,49.2,61.9,27.5,4.6,25746.0
HI,2008,38.3,50.4,27.1,29.1,2.6,29386.0
ID,2008,34.4,50.3,92.7,24.0,3.6,22748.0
IL,2008,36.0,49.2,72.7,29.9,4.6,28935.0
IN,2008,36.8,49.2,85.7,22.9,4.6,24621.0
IA,2008,38.2,49.3,92.7,24.3,2.7,25466.0
KS,2008,36.2,49.6,86.2,29.6,3.1,26466.0
KY,2008,37.8,48.9,89.1,19.7,4.2,22603.0
LA,2008,35.9,48.5,64.0,20.3,3.7,23305.0
ME,2008,41.9,48.7,95.8,25.4,3.9,25165.0
MD,2008,37.6,48.4,61.2,35.2,3.7,34508.0
MA,2008,38.7,48.5,82.5,38.1,4.1,34452.0
MI,2008,38.0,49.2,79.6,24.7,6.1,25303.0
MN,2008,37.4,49.7,88.1,31.5,3.5,30394.0
MS,2008,35.5,48.6,59.7,19.4,4.7,20228.0
MO,2008,37.6,48.8,84.2,25.0,4.1,25007.0
MT,2008,39.1,49.7,89.6,27.1,3.1,23799.0
NE,2008,36.3,49.5,88.9,27.1,2.9,25252.0
NV,2008,35.9,50.9,77.3,21.9,5.0,27421.0
NH,2008,40.3,49.2,94.8,33.3,3.2,31365.0
NJ,2008,38.7,49.0,70.8,34.4,4.0,35179.0
NM,2008,36.0,49.4,73.4,24.7,3.7,23098.0
NY,2008,38.0,48.5,67.2,31.9,4.0,31287.0
NC,2008,37.0,48.9,70.4,26.1,4.4,25215.0
ND,2008,37.0,50.3,91.0,26.9,2.2,26364.0
OH,2008,38.2,48.8,84.1,24.1,4.6,25342.0
OK,2008,36.3,49.3,75.8,22.2,2.9,23083.0
OR,2008,38.0,49.7,86.7,28.1,4.4,26439.0
PA,2008,40.0,48.7,83.8,26.3,3.7,27280.0
RI,2008,38.8,48.2,83.2,30.0,4.9,29011.0
SC,2008,37.6,48.6,67.5,23.7,4.8,23701.0
SD,2008,37.6,49.9,87.1,25.1,2.6,24634.0
TN,2008,37.7,48.7,79.4,22.9,4.4,24164.0
TX,2008,33.2,49.9,73.9,25.3,3.5,25096.0
UT,2008,28.7,50.4,91.0,29.1,2.8,23198.0
VT,2008,41.5,49.1,95.9,32.1,3.4,27559.0
VA,2008,37.5,49.2,70.8,33.7,3.3,32457.0
WA,2008,37.3,49.9,80.4,30.7,3.7,30212.0
WV,2008,40.6,48.9,94.4,17.1,3.2,21161.0
WI,2008,38.2,49.7,88.4,25.7,3.6,26932.0
WY,2008,36.6,50.6,91.9,23.6,2.3,28489.0
PR,2008,35.9,48.0,75.7,,7.0,10022.0
AL,2009,37.4,48.4,70.0,22.0,6.7,22349.0
AK,2009,32.6,51.6,68.3,26.6,6.5,29504.0
AZ,2009,34.9,50.1,80.0,25.6,6.6,23747.0
AR,2009,37.1,48.9,78.4,18.9,5.5,20612.0
CA,2009,34.9,50.1,62.7,29.9,7.3,27885.0
CO,2009,35.7,50.3,84.6,35.9,5.9,29015.0
CT,2009,39.5,48.8,79.1,35.6,6.3,35747.0
DE,2009,38.2,48.5,71.9,28.7,5.6,28131.0
DC,2009,35.1,47.0,38.7,48.5,7.4,40797.0
FL,2009,40.1,49.1,76.9,25.3,7.4,24692.0
GA,2009,34.6,49.1,61.9,27.5,7.2,23909.0
HI,2009,37.9,50.5,26.9,29.6,4.5,28142.0
ID,2009,34.2,50.2,92.3,23.9,6.2,21080.0
IL,2009,36.2,49.3,72.5,30.6,7.1,27971.0
IN,2009,36.8,49.2,85.7,22.5,7.2,23167.0
IA,2009,38.0,49.3,92.3,25.1,4.1,25315.0
KS,2009,35.9,49.6,86.3,29.5,4.9,25299.0
KY,2009,37.7,48.9,88.8,21.0,6.1,21803.0
LA,2009,35.6,48.6,63.7,21.4,5.2,22969.0
ME,2009,42.2,48.8,94.9,26.9,4.7,24666.0
MD,2009,37.7,48.5,60.2,35.7,5.5,34389.0
MA,2009,39.0,48.6,82.4,38.2,6.2,33437.0
MI,2009,38.5,49.2,79.9,24.6,9.3,23728.0
MN,2009,37.5,49.7,87.4,31.5,5.8,28800.0
MS,2009,35.1,48.6,59.6,19.6,6.3,19232.0
MO,2009,37.6,48.9,83.9,25.2,5.9,23995.0
MT,2009,39.3,49.8,89.4,27.4,5.1,22371.0
NE,2009,35.8,49.6,88.1,27.4,4.3,24627.0
NV,2009,35.5,50.9,76.2,21.8,8.2,25805.0
NH,2009,40.4,49.4,94.5,32.0,5.5,30396.0
NJ,2009,38.7,49.0,70.7,34.5,6.6,34263.0
NM,2009,35.5,49.2,72.5,25.3,5.6,22166.0
NY,2009,38.1,48.6,67.4,32.4,5.7,30645.0
NC,2009,36.9,48.8,70.5,26.5,7.0,23803.0
ND,2009,37.0,50.1,90.2,25.8,2.6,26714.0
OH,2009,38.5,48.8,84.0,24.1,7.2,24178.0
OK,2009,35.7,49.3,75.4,22.7,4.2,22604.0
OR,2009,38.0,49.5,85.6,29.2,7.6,25117.0
PA,2009,39.9,48.7,83.5,26.4,5.8,26739.0
RI,2009,39.4,48.5,82.6,30.5,6.4,28772.0
SC,2009,37.5,48.7,67.6,24.3,7.2,22509.0
SD,2009,36.8,49.7,86.3,25.1,3.6,23523.0
TN,2009,37.7,48.8,79.1,23.0,6.9,22700.0
TX,2009,33.1,49.9,73.8,25.5,5.4,24077.0
UT,2009,28.9,50.4,89.3,28.5,5.4,22128.0
VT,2009,41.5,49.3,95.8,33.1,5.3,26940.0
VA,2009,37.0,49.1,70.4,34.0,4.8,31180.0
WA,2009,36.9,49.9,80.2,31.0,6.2,28847.0
WV,2009,40.8,49.1,94.3,17.3,4.3,21284.0
WI,2009,38.4,49.7,88.4,25.7,5.6,25897.0
WY,2009,36.7,51.3,91.3,23.8,4.1,26778.0
PR,2009,36.3,48.0,72.7,,9.0,9811.0
AL,2010,37.8,48.5,69.47,21.9,7.0,21993.0
AK,2010,33.8,52.2,67.43,27.9,6.6,30598.0
AZ,2010,35.9,49.7,79.44,25.9,7.2,23618.0
AR,2010,37.3,49.0,78.37,19.5,5.8,20725.0
CA,2010,35.2,49.7,62.45,30.1,8.2,27353.0
CO,2010,36.0,50.1,83.35,36.4,6.8,28723.0
CT,2010,40.0,48.6,78.22,35.5,7.1,35078.0
DE,2010,38.8,48.5,70.69,27.8,5.9,27729.0
DC,2010,33.9,47.3,40.19,50.1,8.2,41240.0
FL,2010,40.7,48.9,76.48,25.8,8.0,24272.0
GA,2010,35.4,48.8,60.7,27.3,8.0,23383.0
HI,2010,38.7,50.2,24.61,29.5,5.1,27537.0
ID,2010,34.7,50.1,92.22,24.4,6.4,20991.0
IL,2010,36.6,49.0,72.46,30.8,7.6,27325.0
IN,2010,36.9,49.3,85.09,22.7,6.9,22806.0
IA,2010,38.2,49.4,91.53,24.9,4.6,24883.0
KS,2010,36.2,49.6,85.23,29.8,5.3,24911.0
KY,2010,38.0,49.2,88.29,20.5,6.6,21706.0
LA,2010,35.9,49.0,62.85,21.4,6.2,22862.0
ME,2010,42.7,48.9,95.34,26.8,5.3,24950.0
MD,2010,38.0,48.4,58.9,36.1,6.1,33772.0
MA,2010,39.1,48.3,81.13,39.0,6.9,33203.0
MI,2010,39.0,49.1,79.32,25.2,9.4,23622.0
MN,2010,37.5,49.6,86.11,31.8,5.9,28563.0
MS,2010,36.1,48.5,59.51,19.5,7.2,19096.0
MO,2010,38.0,48.9,83.11,25.6,6.4,23920.0
MT,2010,40.1,50.4,89.85,28.8,4.8,23552.0
NE,2010,36.3,49.5,88.89,28.6,4.6,24744.0
NV,2010,36.3,50.5,72.86,21.7,9.3,25284.0
NH,2010,41.3,49.2,94.05,32.8,5.4,30949.0
NJ,2010,39.0,48.7,69.34,35.4,7.2,33555.0
NM,2010,36.7,49.4,73.36,25.0,5.7,22150.0
NY,2010,38.0,48.4,65.88,32.5,6.2,30011.0
NC,2010,37.3,48.7,69.72,26.5,8.0,23432.0
ND,2010,37.4,50.9,90.0,27.6,2.7,26021.0
OH,2010,38.9,48.8,82.96,24.6,7.3,23975.0
OK,2010,36.3,49.3,73.49,22.9,5.1,22254.0
OR,2010,38.5,49.5,84.99,28.8,8.1,24753.0
PA,2010,40.2,48.7,82.56,27.1,6.0,26374.0
RI,2010,39.6,48.3,81.44,30.2,7.0,27667.0
SC,2010,37.8,48.6,67.1,24.5,7.8,22128.0
SD,2010,37.3,50.4,85.97,26.3,4.1,23647.0
TN,2010,38.0,48.7,78.38,23.1,6.9,22463.0
TX,2010,33.6,49.6,74.1,25.9,5.7,23863.0
UT,2010,29.2,50.3,88.83,29.3,6.4,22059.0
VT,2010,41.5,49.2,95.43,33.6,5.5,26876.0
VA,2010,37.5,49.1,69.46,34.2,5.1,31313.0
WA,2010,37.2,49.8,78.7,31.1,6.9,28364.0
WV,2010,41.2,49.3,93.88,17.5,4.8,20953.0
WI,2010,38.5,49.7,87.01,26.3,6.1,25458.0
WY,2010,36.7,50.9,90.99,24.1,4.2,27616.0
AL,2011,38.1,48.4,69.09,22.3,6.8,22711.0
AK,2011,33.9,51.6,66.79,26.4,6.0,31405.0
AZ,2011,36.2,49.8,79.31,26.6,6.7,23793.0
AR,2011,37.5,49.3,78.16,20.3,5.5,21203.0
CA,2011,35.4,49.7,62.87,30.3,7.8,27859.0
CO,2011,36.2,50.2,84.39,36.7,6.3,29804.0
CT,2011,40.3,48.7,77.84,36.2,7.2,35932.0
DE,2011,39.1,48.5,70.19,28.8,5.7,29123.0
DC,2011,33.4,47.3,39.89,52.5,7.6,44578.0
FL,2011,41.1,48.9,76.27,25.8,7.4,24905.0
GA,2011,35.5,49.0,60.74,27.6,7.6,23604.0
HI,2011,38.5,50.1,24.97,29.1,4.7,27353.0
ID,2011,35.0,50.2,92.46,25.2,6.3,21152.0
IL,2011,36.8,49.0,72.49,31.0,7.2,27880.0
IN,2011,37.1,49.2,84.58,23.0,6.4,23524.0
IA,2011,38.1,49.4,91.46,25.8,4.1,25667.0
KS,2011,36.3,49.6,85.07,30.1,5.0,25438.0
KY,2011,38.2,49.1,87.83,21.1,6.2,22300.0
LA,2011,35.9,48.9,62.84,21.1,5.6,22882.0
ME,2011,43.2,49.0,95.2,28.4,5.5,25802.0
MD,2011,38.0,48.4,58.58,36.9,6.1,34500.0
MA,2011,39.3,48.4,80.55,39.1,6.2,34041.0
MI,2011,39.2,49.1,79.29,25.6,8.0,24409.0
MN,2011,37.6,49.7,85.65,32.4,5.4,29404.0
MS,2011,36.1,48.6,59.44,19.8,6.5,19583.0
MO,2011,38.0,49.0,83.04,26.1,6.0,24634.0
MT,2011,39.7,50.1,89.29,28.2,5.2,23893.0
NE,2011,36.3,49.5,88.18,27.9,4.4,26243.0
NV,2011,36.7,50.4,71.55,22.5,8.2,24968.0
NH,2011,41.5,49.4,94.13,33.4,4.7,31871.0
NJ,2011,39.2,48.7,69.2,35.3,7.3,34090.0
NM,2011,36.6,49.8,71.69,25.6,6.8,22829.0
NY,2011,38.1,48.5,65.3,32.9,6.0,30679.0
NC,2011,37.7,48.5,70.09,26.9,7.3,24107.0
ND,2011,36.6,50.3,89.82,26.3,2.2,28055.0
OH,2011,39.1,48.9,82.87,24.7,6.6,24750.0
OK,2011,36.3,49.5,73.64,23.8,4.6,23016.0
OR,2011,38.7,49.4,84.7,29.3,7.5,25228.0
PA,2011,40.3,48.8,82.29,27.0,5.9,26933.0
RI,2011,39.5,48.4,81.71,31.1,6.8,29277.0
SC,2011,38.0,48.6,67.0,24.1,7.2,22598.0
SD,2011,37.1,49.8,85.91,26.3,3.7,24701.0
TN,2011,38.3,48.7,77.93,23.6,6.5,23320.0
TX,2011,33.7,49.6,74.58,26.4,5.5,24682.0
UT,2011,29.6,50.3,88.27,29.7,5.4,22497.0
VT,2011,42.0,49.2,95.18,35.4,4.3,28089.0
VA,2011,37.6,49.1,69.36,35.1,4.9,32123.0
WA,2011,37.3,49.9,78.44,31.9,6.6,29278.0
WV,2011,41.4,49.3,93.89,18.5,4.8,22060.0
WI,2011,38.7,49.6,87.2,26.5,5.5,26212.0
WY,2011,36.8,50.9,90.7,24.7,3.5,27973.0
PR,2011,,,68.52,,,
AL,2012,38.2,48.5,69.13,23.3,5.8,22815.0
AK,2012,33.8,52.1,66.52,28.0,5.3,31890.0
AZ,2012,36.6,49.8,78.8,27.3,5.9,24600.0
AR,2012,37.6,49.1,78.26,21.0,5.0,21643.0
CA,2012,35.5,49.7,62.11,30.9,7.2,28341.0
CO,2012,36.2,50.1,84.37,37.5,5.3,30329.0
CT,2012,40.4,48.7,78.13,37.1,6.6,36891.0
DE,2012,39.2,48.5,69.71,29.5,5.6,28705.0
DC,2012,33.7,47.3,39.64,53.0,7.1,45307.0
FL,2012,41.1,48.9,76.32,26.8,6.8,25428.0
GA,2012,35.7,48.9,60.41,28.2,6.9,24321.0
HI,2012,38.3,50.4,24.94,30.1,4.4,28099.0
ID,2012,35.2,50.1,91.39,25.5,5.1,22053.0
IL,2012,37.0,49.1,72.69,31.6,6.7,28741.0
IN,2012,37.3,49.2,84.33,23.4,5.6,23898.0
IA,2012,38.0,49.6,91.66,26.3,3.6,26436.0
KS,2012,36.0,49.7,85.55,30.4,4.3,26390.0
KY,2012,38.4,49.2,87.77,21.8,5.5,22722.0
LA,2012,36.0,48.9,62.83,22.0,5.4,23800.0
ME,2012,43.5,49.0,95.12,28.0,4.9,26020.0
MD,2012,38.1,48.4,58.08,36.9,5.6,35144.0
MA,2012,39.5,48.4,80.11,39.3,5.7,34907.0
MI,2012,39.5,49.1,79.33,26.0,6.9,25074.0
MN,2012,37.6,49.6,85.45,33.2,4.4,30529.0
MS,2012,36.2,48.3,59.26,20.7,6.6,20119.0
MO,2012,38.2,49.0,82.73,26.4,5.4,24697.0
MT,2012,40.2,50.1,89.19,29.4,4.6,25148.0
NE,2012,36.3,49.7,88.11,29.0,3.7,26245.0
NV,2012,36.8,50.4,69.67,22.4,7.9,25331.0
NH,2012,41.9,49.1,94.03,34.6,4.4,32201.0
NJ,2012,39.4,48.7,68.94,36.2,6.7,34885.0
NM,2012,36.8,49.6,71.92,26.1,6.1,22874.0
NY,2012,38.1,48.5,65.24,33.4,5.9,31290.0
NC,2012,37.8,48.7,69.91,27.4,6.7,24435.0
ND,2012,36.2,51.1,89.5,27.9,2.3,30796.0
OH,2012,39.3,48.9,82.7,25.2,5.7,25445.0
OK,2012,36.3,49.5,73.55,23.8,4.2,23740.0
OR,2012,38.9,49.6,85.18,29.9,6.9,26011.0
PA,2012,40.5,48.8,81.93,27.8,5.6,27774.0
RI,2012,39.8,48.3,81.68,31.4,6.2,29389.0
SC,2012,38.3,48.6,67.02,25.1,6.7,23396.0
SD,2012,36.7,50.1,85.39,26.3,3.2,25275.0
TN,2012,38.2,48.7,78.01,24.3,5.8,23692.0
TX,2012,33.9,49.7,75.01,26.7,5.1,25359.0
UT,2012,29.9,50.3,88.08,30.7,4.7,23213.0
VT,2012,42.4,49.4,95.09,35.8,4.3,28818.0
VA,2012,37.5,49.0,69.16,35.5,4.5,32517.0
WA,2012,37.5,49.9,78.34,31.7,5.6,29861.0
WV,2012,41.5,49.1,93.68,18.6,4.3,22410.0
WI,2012,38.8,49.6,86.75,27.1,4.9,26994.0
WY,2012,36.9,50.8,90.87,24.7,3.8,27813.0
AL,2013,38.3,48.4,68.9,23.5,5.6,23384.0
AK,2013,33.1,52.6,66.35,28.0,6.0,32474.0
AZ,2013,36.8,49.8,78.98,27.4,5.3,25164.0
AR,2013,37.8,49.4,77.91,20.6,4.7,21927.0
CA,2013,35.7,49.8,61.93,31.0,6.3,29513.0
CO,2013,36.4,50.2,83.82,37.8,4.7,31421.0
CT,2013,40.5,48.7,77.27,37.2,6.2,37726.0
DE,2013,39.1,48.4,68.87,29.8,5.5,29484.0
DC,2013,33.8,47.4,40.85,55.1,7.1,45477.0
FL,2013,41.5,48.9,76.19,27.2,5.7,25834.0
GA,2013,35.9,48.8,60.4,28.3,6.4,24923.0
HI,2013,38.1,50.6,25.57,31.2,3.7,29577.0
ID,2013,35.7,50.3,91.53,26.2,4.5,22652.0
IL,2013,37.2,49.1,72.68,32.1,6.3,29856.0
IN,2013,37.3,49.1,84.15,23.8,5.0,24796.0
IA,2013,38.0,49.5,91.38,26.4,3.3,27740.0
KS,2013,36.0,49.8,85.56,31.1,3.9,27175.0
KY,2013,38.5,49.2,87.7,22.6,5.0,23668.0
LA,2013,36.0,48.8,62.85,22.5,4.8,24695.0
ME,2013,44.0,48.9,94.89,28.2,4.4,26630.0
MD,2013,38.2,48.5,57.62,37.4,5.1,36177.0
MA,2013,39.4,48.5,79.64,40.3,5.2,35879.0
MI,2013,39.6,49.1,79.12,26.9,6.0,25918.0
MN,2013,37.7,49.6,84.79,33.5,3.8,31358.0
MS,2013,36.6,48.5,58.99,20.4,6.1,20156.0
MO,2013,38.1,49.0,82.79,27.0,4.7,25384.0
MT,2013,39.6,49.9,89.12,29.0,4.1,26054.0
NE,2013,36.3,49.5,88.32,29.4,3.2,27093.0
NV,2013,37.1,50.3,68.34,22.5,7.0,25918.0
NH,2013,42.3,49.3,93.45,34.6,4.1,33269.0
NJ,2013,39.4,48.8,68.19,36.6,6.0,35728.0
NM,2013,36.9,49.6,75.27,26.4,5.4,23334.0
NY,2013,38.2,48.5,64.6,34.1,5.5,32514.0
NC,2013,37.9,48.7,69.17,28.4,6.0,25377.0
ND,2013,35.5,51.0,88.95,27.1,1.8,30855.0
OH,2013,39.3,48.9,82.46,26.1,5.1,26354.0
OK,2013,36.2,49.5,73.12,23.8,3.8,24284.0
OR,2013,39.1,49.5,85.76,30.7,5.7,27048.0
PA,2013,40.6,48.9,81.63,28.7,5.2,28647.0
RI,2013,39.9,48.8,80.47,32.4,6.0,30748.0
SC,2013,38.6,48.6,67.23,26.1,5.7,23687.0
SD,2013,36.6,50.2,85.11,26.6,2.8,25860.0
TN,2013,38.5,48.9,77.9,24.8,5.3,24678.0
TX,2013,34.0,49.7,75.02,27.5,4.5,26327.0
UT,2013,30.2,50.3,87.37,31.3,3.7,24250.0
VT,2013,42.5,49.3,94.98,35.7,3.8,29136.0
VA,2013,37.6,49.2,69.33,36.1,4.3,33145.0
WA,2013,37.4,49.9,78.03,32.7,5.0,30672.0
WV,2013,41.7,49.4,93.71,18.9,4.6,23159.0
WI,2013,39.0,49.7,86.6,27.7,4.3,27448.0
WY,2013,36.6,51.1,90.67,26.6,3.4,28889.0
AL,2014,38.6,48.4,68.47,23.5,4.9,23606.0
AK,2014,33.3,52.3,65.64,28.0,5.1,33062.0
AZ,2014,36.9,49.7,78.34,27.6,4.7,25715.0
AR,2014,37.8,49.1,78.29,21.4,3.9,22883.0
CA,2014,36.0,49.6,61.37,31.7,5.3,30441.0
CO,2014,36.3,50.3,84.4,38.3,3.7,32357.0
CT,2014,40.5,48.8,76.85,38.0,5.3,39373.0
DE,2014,39.6,48.5,69.21,30.6,4.2,30488.0
DC,2014,33.8,47.4,40.23,55.0,6.1,45877.0
FL,2014,41.6,48.9,75.97,27.3,4.7,26582.0
GA,2014,36.1,48.7,59.86,29.1,5.1,25615.0
HI,2014,38.1,50.5,25.41,31.0,3.3,29736.0
ID,2014,35.9,50.0,91.66,25.0,3.4,23938.0
IL,2014,37.5,49.1,72.13,32.8,5.3,30417.0
IN,2014,37.4,49.2,84.09,24.7,4.5,25140.0
IA,2014,38.2,49.7,91.33,27.7,3.0,28361.0
KS,2014,36.2,49.8,84.92,31.5,3.4,27870.0
KY,2014,38.5,49.3,87.42,22.2,4.5,23684.0
LA,2014,36.1,48.9,62.78,22.9,4.4,24800.0
ME,2014,44.1,48.7,94.75,29.4,3.7,27978.0
MD,2014,38.3,48.5,57.44,38.2,4.8,36338.0
MA,2014,39.4,48.5,79.27,41.2,4.5,37288.0
MI,2014,39.6,49.1,78.88,27.4,5.0,26613.0
MN,2014,37.8,49.7,84.42,34.3,3.3,32638.0
MS,2014,36.7,48.7,58.82,21.1,5.6,21036.0
MO,2014,38.5,49.0,82.3,27.5,4.2,26126.0
MT,2014,39.6,50.2,89.35,29.3,3.1,25989.0
NE,2014,36.2,49.8,88.28,29.5,2.9,27446.0
NV,2014,37.4,50.3,68.02,23.1,5.6,25773.0
NH,2014,42.5,49.4,93.41,35.0,3.5,34691.0
NJ,2014,39.4,48.8,67.73,37.4,5.0,36593.0
NM,2014,37.2,49.5,73.14,26.4,5.1,23683.0
NY,2014,38.2,48.5,63.98,34.5,4.6,33095.0
NC,2014,38.3,48.7,69.08,28.7,5.1,25774.0
ND,2014,35.1,50.9,88.49,27.4,2.1,33071.0
OH,2014,39.4,49.0,82.13,26.6,4.5,26937.0
OK,2014,36.2,49.5,72.91,24.2,3.4,25229.0
OR,2014,39.3,49.5,84.59,30.8,4.8,27646.0
PA,2014,40.7,48.9,81.4,29.0,4.4,29220.0
RI,2014,39.8,48.5,81.34,30.4,5.0,30830.0
SC,2014,38.8,48.7,67.34,26.3,4.9,24596.0
SD,2014,36.6,50.1,84.95,27.8,2.7,26959.0
TN,2014,38.6,48.7,77.63,25.3,4.7,24922.0
TX,2014,34.3,49.7,75.18,27.8,3.9,27125.0
UT,2014,30.5,50.3,87.26,31.1,3.3,24877.0
VT,2014,42.8,49.2,94.46,34.9,3.6,29178.0
VA,2014,37.7,49.2,68.93,36.7,3.9,34052.0
WA,2014,37.5,50.0,77.67,33.1,4.1,31841.0
WV,2014,41.9,49.4,93.58,19.2,3.7,22714.0
WI,2014,39.2,49.6,86.26,28.4,3.5,28213.0
WY,2014,36.6,50.9,91.02,26.6,2.9,29698.0
AL,2015,38.7,48.4,68.53,24.2,4.1,24769.0
AK,2015,33.3,52.6,65.18,29.7,5.3,34352.0
AZ,2015,37.4,49.6,77.42,27.7,4.0,26721.0
AR,2015,37.9,49.1,77.5,21.8,3.3,23589.0
CA,2015,36.2,49.7,60.86,32.3,4.6,31587.0
CO,2015,36.4,50.2,84.44,39.2,3.5,33563.0
CT,2015,40.6,48.8,76.53,38.3,4.6,39430.0
DE,2015,39.7,48.4,69.23,30.9,3.6,31441.0
DC,2015,33.8,47.6,40.04,56.7,5.0,50187.0
FL,2015,41.8,48.8,75.76,28.4,4.1,27697.0
GA,2015,36.4,48.7,59.5,29.9,4.4,26810.0
HI,2015,37.7,50.6,26.0,31.4,3.0,31052.0
ID,2015,35.8,50.0,91.51,26.0,3.3,24273.0
IL,2015,37.7,49.1,71.84,32.9,4.5,31867.0
IN,2015,37.5,49.1,83.99,24.9,3.7,26396.0
IA,2015,38.1,49.6,90.49,26.8,2.8,28628.0
KS,2015,36.2,49.8,84.69,31.7,3.0,28852.0
KY,2015,38.8,49.1,87.36,23.3,3.8,25082.0
LA,2015,36.4,48.9,62.4,23.2,4.2,25456.0
ME,2015,44.6,49.0,94.64,30.1,3.3,28437.0
MD,2015,38.3,48.5,56.52,38.8,3.7,37522.0
MA,2015,39.4,48.5,79.08,41.5,3.9,38130.0
MI,2015,39.7,49.2,78.62,27.8,4.4,27865.0
MN,2015,37.9,49.7,84.06,34.7,2.9,33425.0
MS,2015,37.0,48.4,58.77,20.8,5.0,21291.0
MO,2015,38.4,49.0,82.37,27.8,3.3,27384.0
MT,2015,39.9,50.2,88.94,30.6,2.8,27735.0
NE,2015,36.1,49.7,88.18,30.2,2.2,29000.0
NV,2015,37.8,50.1,67.54,23.6,5.0,27220.0
NH,2015,42.8,49.4,93.59,35.7,2.9,35925.0
NJ,2015,39.6,48.8,67.65,37.6,4.3,37245.0
NM,2015,37.4,49.6,73.41,26.5,4.3,24388.0
NY,2015,38.3,48.6,63.76,35.0,4.1,34297.0
NC,2015,38.4,48.8,69.05,29.4,4.2,26801.0
ND,2015,34.9,51.3,88.24,29.1,1.8,34063.0
OH,2015,39.3,48.9,81.97,26.8,4.0,28001.0
OK,2015,36.3,49.6,72.57,24.6,3.3,25762.0
OR,2015,39.1,49.4,85.23,32.2,4.2,29117.0
PA,2015,40.7,48.9,81.13,29.7,3.9,30384.0
RI,2015,39.7,48.4,80.36,32.7,4.0,31888.0
SC,2015,39.0,48.7,67.24,26.8,4.3,25627.0
SD,2015,36.9,50.3,84.56,27.5,2.7,27624.0
TN,2015,38.7,48.7,77.71,25.7,3.8,26216.0
TX,2015,34.4,49.6,74.95,28.4,3.5,28210.0
UT,2015,30.6,50.3,87.16,31.8,2.7,25816.0
VT,2015,43.1,49.3,94.73,36.9,2.5,31216.0
VA,2015,37.8,49.2,68.21,37.0,3.5,34780.0
WA,2015,37.5,50.0,76.9,34.2,3.8,33486.0
WV,2015,42.2,49.3,93.42,19.6,3.9,23539.0
WI,2015,39.4,49.7,86.04,28.4,2.8,29563.0
WY,2015,36.5,50.3,91.51,26.2,3.3,31383.0
AL,2016,39.0,48.4,68.19,24.7,3.6,25810.0
AK,2016,33.5,52.6,64.42,29.6,5.4,34187.0
AZ,2016,37.5,49.7,75.82,28.9,3.8,27997.0
AR,2016,38.0,49.2,76.64,22.4,2.9,24264.0
CA,2016,36.4,49.7,59.67,32.9,4.1,33389.0
CO,2016,36.7,50.4,84.02,39.9,3.2,34542.0
CT,2016,40.9,48.8,76.67,38.6,4.2,41087.0
DE,2016,40.6,48.3,69.23,31.0,3.5,31712.0
DC,2016,33.9,47.5,40.7,56.8,4.8,50567.0
FL,2016,42.1,48.9,75.56,28.6,3.5,28621.0
GA,2016,36.5,48.7,58.73,30.5,3.7,28183.0
HI,2016,38.9,50.3,25.06,31.9,2.8,32634.0
ID,2016,36.1,50.0,89.72,27.6,2.9,25678.0
IL,2016,37.9,49.1,71.27,34.0,4.1,32849.0
IN,2016,37.6,49.3,83.47,25.6,3.2,27464.0
IA,2016,38.0,49.7,90.41,28.4,2.7,30047.0
KS,2016,36.5,49.8,84.58,32.8,2.9,28950.0
KY,2016,38.7,49.1,87.14,23.4,3.5,26046.0
LA,2016,36.5,49.0,61.98,23.4,4.1,25664.0
ME,2016,44.5,48.9,94.42,30.1,2.8,29604.0
MD,2016,38.5,48.5,56.47,39.3,3.6,38662.0
MA,2016,39.5,48.5,78.54,42.7,3.5,39771.0
MI,2016,39.7,49.2,78.5,28.3,3.8,29128.0
MN,2016,37.9,49.8,83.27,34.8,2.7,34515.0
MS,2016,37.2,48.2,58.51,21.8,4.4,22694.0
MO,2016,38.4,49.1,82.25,28.5,3.1,28406.0
MT,2016,40.1,50.5,88.96,31.0,3.0,28933.0
NE,2016,36.3,49.8,87.82,31.4,2.5,29910.0
NV,2016,37.9,50.1,66.89,23.5,4.2,28117.0
NH,2016,42.7,49.8,93.43,36.6,2.4,36320.0
NJ,2016,39.5,48.9,68.1,38.6,3.9,38911.0
NM,2016,37.7,49.5,73.98,27.2,4.3,25146.0
NY,2016,38.4,48.5,63.46,35.7,3.7,35534.0
NC,2016,38.7,48.6,68.88,30.4,3.8,28156.0
ND,2016,35.0,51.5,87.2,29.6,2.0,33339.0
OH,2016,39.3,49.0,81.59,27.5,3.6,29164.0
OK,2016,36.4,49.5,72.42,25.2,3.6,25880.0
OR,2016,39.2,49.5,84.42,32.7,3.5,30822.0
PA,2016,40.6,49.0,80.89,30.8,3.6,31272.0
RI,2016,40.2,48.4,80.47,34.1,3.8,33008.0
SC,2016,39.1,48.5,67.37,27.2,3.7,27016.0
SD,2016,36.8,50.3,84.69,28.9,2.6,28585.0
TN,2016,38.6,48.8,77.84,26.1,3.3,27087.0
TX,2016,34.5,49.6,74.3,28.9,3.6,28714.0
UT,2016,30.7,50.4,86.3,32.6,2.8,26993.0
VT,2016,43.1,49.3,94.36,36.4,2.6,31836.0
VA,2016,38.2,49.2,67.85,38.1,3.2,36206.0
WA,2016,37.7,49.9,75.69,35.1,3.4,35284.0
WV,2016,42.3,49.2,93.07,20.8,4.1,24769.0
WI,2016,39.4,49.7,85.52,29.5,2.7,30902.0
WY,2016,37.2,50.9,92.03,27.1,3.7,30042.0
AL,2017,38.9,48.4,67.96,25.5,3.3,26498.0
AK,2017,34.5,52.1,64.19,28.8,4.9,34222.0
AZ,2017,37.7,49.7,77.57,29.4,3.5,29420.0
AR,2017,38.1,49.3,76.33,23.4,3.2,25316.0
CA,2017,36.5,49.7,58.63,33.6,3.7,35046.0
CO,2017,36.8,50.3,84.19,41.2,2.8,36345.0
CT,2017,40.9,48.8,75.89,38.7,4.0,42029.0
DE,2017,40.1,48.4,68.83,31.5,3.1,33887.0
DC,2017,34.0,47.4,41.0,57.3,4.6,52500.0
FL,2017,42.0,48.9,75.14,29.7,3.2,29838.0
GA,2017,36.8,48.6,58.71,30.9,3.6,29668.0
HI,2017,39.2,50.2,25.02,32.9,2.6,33882.0
ID,2017,36.3,50.2,90.04,26.8,2.6,26386.0
IL,2017,38.0,49.2,71.24,34.4,4.0,34196.0
IN,2017,37.7,49.3,83.67,26.8,3.0,28323.0
IA,2017,38.3,49.7,90.0,28.9,2.4,30865.0
KS,2017,36.7,49.9,84.52,33.7,2.8,30146.0
KY,2017,38.9,49.3,86.94,24.0,3.2,26779.0
LA,2017,36.8,48.9,61.71,23.8,3.8,25885.0
ME,2017,44.6,49.0,94.44,32.1,2.6,31088.0
MD,2017,38.7,48.5,54.9,39.7,3.5,39960.0
MA,2017,39.5,48.6,78.54,43.4,3.0,41821.0
MI,2017,39.8,49.3,78.44,29.1,3.6,30488.0
MN,2017,37.9,49.9,82.68,36.1,2.5,36156.0
MS,2017,37.5,48.5,58.17,21.9,3.9,23121.0
MO,2017,38.5,49.1,82.01,29.1,2.9,29438.0
MT,2017,40.0,50.1,88.58,32.3,2.2,29428.0
NE,2017,36.5,50.0,87.35,31.7,2.3,30915.0
NV,2017,38.0,50.2,64.6,24.9,3.8,30166.0
NH,2017,43.2,49.6,93.07,36.9,2.6,38237.0
NJ,2017,39.8,48.8,67.87,39.7,3.5,40567.0
NM,2017,37.7,49.5,75.76,27.1,3.7,25311.0
NY,2017,38.7,48.6,63.09,36.0,3.5,37156.0
NC,2017,38.8,48.7,68.79,31.3,3.2,29560.0
ND,2017,35.4,51.4,86.59,30.7,2.1,34041.0
OH,2017,39.3,49.0,81.31,28.0,3.2,30038.0
OK,2017,36.6,49.6,72.18,25.5,3.2,26472.0
OR,2017,39.3,49.6,84.42,33.7,3.2,31950.0
PA,2017,40.8,49.0,80.74,31.4,3.3,32711.0
RI,2017,39.5,48.4,81.75,33.5,3.7,34511.0
SC,2017,39.4,48.5,67.28,28.0,3.5,27909.0
SD,2017,36.9,50.4,84.7,28.1,2.4,29611.0
TN,2017,38.6,48.7,77.75,27.3,3.0,28764.0
TX,2017,34.7,49.7,73.94,29.6,3.3,29525.0
UT,2017,31.0,50.4,85.66,34.6,2.4,28085.0
VT,2017,42.6,49.4,94.16,38.3,2.5,32443.0
VA,2017,38.2,49.2,67.47,38.7,2.9,37442.0
WA,2017,37.7,49.9,75.38,35.5,3.1,36975.0
WV,2017,42.4,49.4,92.76,20.2,3.5,24478.0
WI,2017,39.5,49.7,85.28,30.4,2.3,31998.0
WY,2017,37.5,51.1,91.21,27.6,3.4,30883.0
AL,2018,39.3,48.5,67.65,25.5,3.2,27525.0
AK,2018,34.9,51.9,64.35,30.2,4.4,35735.0
AZ,2018,38.0,49.7,77.95,29.7,3.2,30530.0
AR,2018,38.1,49.0,76.52,23.3,2.6,26626.0
CA,2018,36.7,49.7,59.5,34.2,3.5,37124.0
CO,2018,36.9,50.3,84.11,41.7,2.7,38057.0
CT,2018,41.1,48.7,75.24,39.6,3.6,44026.0
DE,2018,41.1,48.4,68.22,31.3,3.5,33745.0
DC,2018,33.9,47.6,42.24,60.4,5.3,55328.0
FL,2018,42.2,48.8,74.65,30.4,3.0,31359.0
GA,2018,36.8,48.7,58.25,31.9,3.0,31187.0
HI,2018,39.3,50.0,24.33,33.5,2.4,35255.0
ID,2018,36.8,50.3,89.89,27.7,2.5,27816.0
IL,2018,38.3,49.2,71.7,35.1,3.6,35801.0
IN,2018,37.8,49.3,82.79,27.1,2.8,29369.0
IA,2018,38.1,49.6,90.18,29.0,2.4,31559.0
KS,2018,37.1,49.8,84.04,33.8,2.5,31456.0
KY,2018,39.1,49.2,86.72,24.8,3.1,27823.0
LA,2018,37.3,48.9,61.74,24.3,3.7,27274.0
ME,2018,45.1,49.0,94.25,31.5,2.2,32095.0
MD,2018,38.8,48.5,54.69,40.8,3.3,41522.0
MA,2018,39.5,48.5,77.3,44.5,3.2,43349.0
MI,2018,39.8,49.3,78.28,29.6,3.3,31508.0
MN,2018,38.2,49.8,82.5,36.7,2.4,37192.0
MS,2018,37.7,48.4,58.11,23.2,4.0,24160.0
MO,2018,38.8,49.0,82.19,29.5,2.6,30498.0
MT,2018,40.1,50.3,88.62,31.7,2.2,30680.0
NE,2018,36.7,49.8,86.41,32.4,2.4,31771.0
NV,2018,38.2,50.2,63.44,24.9,3.5,31604.0
NH,2018,43.1,49.4,92.44,36.8,2.4,39521.0
NJ,2018,40.0,48.8,66.86,40.8,3.2,42815.0
NM,2018,38.1,49.6,76.35,27.7,3.4,26529.0
NY,2018,39.0,48.6,63.33,37.2,3.1,38884.0
NC,2018,38.9,48.7,68.36,31.9,3.1,30737.0
ND,2018,35.4,51.5,85.74,29.7,1.9,34848.0
OH,2018,39.5,49.0,81.02,29.0,3.1,31293.0
OK,2018,36.7,49.5,72.17,25.6,2.6,28011.0
OR,2018,39.6,49.6,83.88,34.0,3.1,34058.0
PA,2018,40.8,49.0,80.08,31.8,3.1,33960.0
RI,2018,40.0,48.8,80.66,34.4,3.5,34999.0
SC,2018,39.7,48.6,67.03,28.3,3.1,28957.0
SD,2018,37.2,50.5,83.98,29.2,2.0,29953.0
TN,2018,38.9,48.8,77.34,27.5,3.4,29284.0
TX,2018,34.9,49.6,73.51,30.3,3.1,30641.0
UT,2018,31.0,50.4,85.67,34.9,2.2,29756.0
VT,2018,43.1,49.2,94.1,38.7,2.5,33956.0
VA,2018,38.3,49.2,67.36,39.3,2.7,38900.0
WA,2018,37.7,50.0,74.76,36.7,2.7,39119.0
WV,2018,42.8,49.5,93.02,21.3,3.1,26179.0
WI,2018,39.6,49.7,85.27,30.0,2.1,33032.0
WY,2018,38.5,50.6,91.47,26.9,2.5,33522.0
AL,2019,39.4,48.3,67.84,26.3,2.8,28650.0
AK,2019,35.0,52.0,64.22,30.2,3.6,36978.0
AZ,2019,38.3,49.7,78.34,30.2,3.0,32173.0
AR,2019,38.8,48.9,76.71,23.3,2.8,27274.0
CA,2019,37.0,49.7,59.44,35.0,3.2,39393.0
CO,2019,37.1,50.4,83.74,42.7,2.5,41053.0
CT,2019,41.2,48.9,74.61,39.8,3.5,45359.0
DE,2019,41.4,48.3,67.75,33.2,2.9,36858.0
DC,2019,34.3,47.4,42.52,59.7,4.4,59808.0
FL,2019,42.4,48.9,74.54,30.7,2.7,32887.0
GA,2019,37.2,48.7,57.75,32.5,3.0,32657.0
HI,2019,39.6,50.0,24.1,33.6,2.4,36989.0
ID,2019,36.9,50.3,89.36,28.7,2.1,29606.0
IL,2019,38.6,49.1,71.37,35.8,3.1,37728.0
IN,2019,38.0,49.3,82.76,26.9,2.7,30988.0
IA,2019,38.5,49.8,89.87,29.3,2.5,33107.0
KS,2019,37.2,49.6,83.65,34.0,2.5,32885.0
KY,2019,39.2,49.2,86.7,25.1,2.8,29029.0
LA,2019,37.7,48.8,61.84,25.0,3.2,28662.0
ME,2019,45.1,48.8,93.98,33.2,2.2,34078.0
MD,2019,39.0,48.4,54.53,40.9,3.0,43325.0
MA,2019,39.7,48.5,76.97,45.0,2.7,46241.0
MI,2019,39.8,49.2,78.22,30.0,3.1,32892.0
MN,2019,38.4,49.7,82.05,37.3,2.2,39025.0
MS,2019,38.3,48.2,58.03,22.3,3.7,25301.0
MO,2019,38.9,49.0,81.84,30.2,2.4,31756.0
MT,2019,40.5,50.3,87.99,33.6,2.5,32625.0
NE,2019,36.8,50.0,86.16,33.2,2.3,33272.0
NV,2019,38.4,50.2,64.58,25.7,3.2,33575.0
NH,2019,43.0,49.5,92.56,37.6,2.0,41241.0
NJ,2019,40.2,48.9,67.15,41.2,3.1,44888.0
NM,2019,38.6,49.4,73.92,27.7,3.1,28423.0
NY,2019,39.2,48.6,63.2,37.8,2.8,41857.0
NC,2019,39.1,48.6,68.12,32.3,2.8,32021.0
ND,2019,35.5,51.0,85.81,30.4,1.8,36611.0
OH,2019,39.6,49.0,80.87,29.3,2.9,32780.0
OK,2019,37.0,49.6,72.42,26.2,2.6,29666.0
OR,2019,39.7,49.5,83.55,34.5,3.1,35531.0
PA,2019,40.8,49.0,79.63,32.3,2.8,35804.0
RI,2019,40.1,48.8,78.7,34.8,2.7,37525.0
SC,2019,39.9,48.3,66.71,29.6,2.8,31295.0
SD,2019,37.7,50.8,84.07,29.7,2.0,31550.0
TN,2019,39.0,48.7,77.21,28.7,2.8,31224.0
TX,2019,35.1,49.6,73.37,30.8,2.8,32267.0
UT,2019,31.2,50.2,87.32,34.8,2.2,31771.0
VT,2019,42.8,49.5,93.77,38.7,2.2,35702.0
VA,2019,38.5,49.2,66.95,39.6,2.6,40635.0
WA,2019,37.9,50.0,74.21,37.0,2.9,41521.0
WV,2019,42.9,49.4,93.07,21.1,3.2,27446.0
WI,2019,39.9,49.7,85.25,31.3,2.1,34568.0
WY,2019,38.1,51.1,90.86,29.1,2.3,34104.0
